time,tank1_depth,pipe1_depth,pipe2_depth,pipe3_depth,pipe4_depth,pump1_flow
0.0,2.4999999999999996,0.23627005370408888,0.0,0.0,0.0,1.0
30.0,2.859005853974933,0.3661270760891059,0.07611537288700042,0.0,0.0,1.4038945638680163
60.0,2.9988292176569105,0.4465787028070811,0.15656699960497564,0.0,0.0,1.4038945638680163
90.0,2.99947314794561,0.49508230405757514,0.23442095718686454,0.02935035683037029,0.0,1.4038945638680163
120.0,2.999762916575524,0.5261576682958418,0.31579534303704354,0.07964937794330718,0.0,1.4038945638680163
150.0,2.999893312458986,0.54594201437484,0.3843520956025324,0.12842178442979796,0.0,1.4038945638680163
180.0,2.9999519906065437,0.5585119147079693,0.43851326173760186,0.1840033428449019,0.01130626057612183,1.4038945638680163
210.0,2.9999783957729447,0.5664639066760779,0.479733676016555,0.2552626686901524,0.04207402370522607,1.4038945638680163
240.0,2.999990278097825,0.5712594579065239,0.509788750612956,0.32301220309806505,0.07547438524398452,1.4038945638680163
270.0,2.999995625144021,0.5745110215475879,0.5313939411875924,0.38221129993681247,0.11440074877337324,1.4038945638680163
300.0,2.999998031314809,0.5765565604994437,0.5466783840212757,0.4307327826343847,0.17250443927610176,1.4038945638680163
330.0,2.999999114091664,0.5778429640950729,0.5573341478086057,0.4695087970487886,0.22879729840795893,1.4038945638680163
360.0,2.999999601341248,0.5554149286766527,0.5714876232318074,0.4971871342392402,0.2795465919334674,1.1532156476750275
390.0,2.9999998206035614,0.5398989468894323,0.570018062559096,0.5248651649533282,0.31911740438764885,1.1532156476750275
420.0,2.9999999192716027,0.5302025734610242,0.5617420959331796,0.543898485531642,0.3524113763252856,1.1532156476750275
450.0,2.9999999636722205,0.5239070110570058,0.5517404892513724,0.5534119277358879,0.37983715057102724,1.1532156476750275
480.0,2.999999983652499,0.5201510718329938,0.5425648469160036,0.5554939687406993,0.3999820530937493,1.1532156476750275
510.0,2.999999992643624,0.5175784343620639,0.5348442662262419,0.5529998214697616,0.41273521466038227,1.1532156476750275
540.0,2.9999999966896307,0.5159550306156362,0.528754727621872,0.5478810990520715,0.41920684085560944,1.1532156476750275
570.0,2.9999999985103334,0.5149306189938299,0.523931551579164,0.5420380310381187,0.4212903139393902,1.1532156476750275
600.0,2.9999999993296496,0.5144837372851628,0.5207514481165997,0.5362967426994312,0.42042123726265224,1.1532156476750275
630.0,2.999999999698342,0.5142009936249935,0.5183264415520771,0.5310805394037351,0.41789911011092024,1.1532156476750275
660.0,2.9999999998642535,0.5140218578482829,0.5168625431159416,0.5266037487974952,0.41445856418182464,1.1532156476750275
690.0,2.9999999999389138,0.513908364139959,0.5158522047525019,0.5233161921684903,0.4109961551502198,1.1532156476750275
720.0,2.9999999999725104,0.513836458783778,0.5151597496898257,0.520775097130582,0.40756919423484494,1.1532156476750275
750.0,2.9999999999876295,0.5137909022474391,0.5146879523366861,0.51884940645368,0.40504896830278786,1.1532156476750275
780.0,2.9999999999944333,0.504890287215148,0.5170514135742338,0.51661396062232,0.4028439868015822,1.0582281307746881
810.0,2.9999999999974944,0.49882993577310647,0.5144283653946462,0.5175609427132747,0.40047950968514745,1.0582281307746881
840.0,2.999999999998872,0.49461003801137404,0.5094081646798491,0.5177176206184644,0.39925386432669646,1.0582281307746881
870.0,2.9999999999994924,0.49232015851326527,0.5046930343041197,0.5160893508873169,0.39947723505512406,1.0582281307746881
900.0,2.9999999999997713,0.49086379894021115,0.5006176888064537,0.5131432558192223,0.39948823295365793,1.0582281307746881
930.0,2.999999999999897,0.48993689729985046,0.496955361683646,0.5090766078286472,0.3986891621772448,1.0582281307746881
960.0,2.999999999999954,0.48897306374934385,0.49431936491074496,0.5054432299348678,0.3970066558172699,1.0582281307746881
990.0,2.9999999999999787,0.36998119051260997,0.5296428635088896,0.49097619666983056,0.397331796508746,0.10034842904111714
1020.0,2.9999999999999907,0.3030331899557804,0.5067083483326816,0.5120229842604234,0.38474435882466707,0.10034842904111714
1050.0,2.9999999999999956,0.2599718111899123,0.4603645498351799,0.5244565401700093,0.38503360549784205,0.10034842904111714
1080.0,2.9999999999999973,0.2303768638556838,0.4100697825023898,0.517740736705197,0.3948051624239004,0.10034842904111714
1110.0,2.9999999999999987,0.2093490303338758,0.36428285655634035,0.4955607031536838,0.40285543751604824,0.10034842904111714
1140.0,2.999999999999999,0.19393531991619034,0.3251901128740581,0.4643644507082594,0.4029960087506654,0.10034842904111714
1170.0,2.999999999999999,0.1824875382018555,0.29277560773768485,0.4297339460715365,0.3943340230032361,0.10034842904111714
1200.0,2.999999999999999,0.1738686179516424,0.2661926962103812,0.39534667359137665,0.3788434232566579,0.10034842904111714
1230.0,2.999999999999999,0.16728258017418565,0.2444505664426324,0.3631754573756289,0.3591444540989062,0.10034842904111714
1260.0,2.999999999999999,0.1622720284050591,0.22673453071514302,0.3340998652802657,0.3375875485978568,0.10034842904111714
1290.0,2.999999999999999,0.15835912397732677,0.21216030983156242,0.3083133521349998,0.3158907126157881,0.10034842904111714
1320.0,2.999999999999999,0.15534120782818625,0.20019327688595542,0.2856948130299865,0.2949038651234274,0.10034842904111714
1350.0,2.999999999999999,0.1530376688877164,0.19039586861342625,0.26599952684485684,0.2752635807778115,0.10034842904111714
1380.0,2.999999999999999,0.15086203476722695,0.18208226037409644,0.24910083214733672,0.25726161072117026,0.10034842904111714
1410.0,2.999999999999999,0.14955298482055052,0.17538820691333817,0.23431647645991488,0.24102234104658166,0.10034842904111714
1440.0,2.999999999999999,0.2164037881944216,0.11551110213053457,0.23504199292361178,0.22169663925831667,0.8564494177307761
1470.0,2.999999999999999,0.3059584855947498,0.15825840299510047,0.2040472560200761,0.21881758466711837,0.8564494177307761
1500.0,2.999999999999999,0.35016577751768335,0.18427788332699924,0.1762398244169061,0.2116142416863569,0.8564494177307761
1530.0,2.999999999999999,0.37872629704762856,0.2229082843317696,0.1670197092281824,0.1962825000637503,0.8564494177307761
1560.0,2.999999999999999,0.397460410563362,0.2657588016700209,0.17170564518674478,0.17597657430309932,0.8564494177307761
1590.0,2.999999999999999,0.4097622287495155,0.30483294859852383,0.18581901622513275,0.15675724267872612,0.8564494177307761
1620.0,2.999999999999999,0.4178195400141534,0.3373292599289514,0.20869148554369438,0.1442828150469545,0.8564494177307761
1650.0,2.999999999999999,0.42307344442395534,0.3629003730044378,0.238265876464773,0.1409540466085789,0.8564494177307761
1680.0,2.999999999999999,0.4537746725939953,0.3740944477077503,0.27307291938801886,0.14509773305642418,1.1484667396806676
1710.0,2.999999999999999,0.4749786773364705,0.39540404186835715,0.2990947850052381,0.1610978589538383,1.1484667396806676
1740.0,2.999999999999999,0.48856471663487566,0.4192731506542046,0.32319919793755547,0.18046689876883995,1.1484667396806676
1770.0,2.999999999999999,0.4972563863950717,0.4413049541570807,0.34856901546450364,0.20051009455568666,1.1484667396806676
1800.0,2.999999999999999,0.502798555577907,0.45972267774848413,0.37464611899741174,0.22132299671140962,1.1484667396806676
1830.0,2.999999999999999,0.5063264648089671,0.4742132845853191,0.39980108675617965,0.24307397786980658,1.1484667396806676
1860.0,2.999999999999999,0.5085694483754368,0.4851803762486486,0.4226840641130954,0.2653240251318261,1.1484667396806676
1890.0,2.999999999999999,0.5099905186236184,0.4932595125566249,0.4425009775404667,0.28711555679052425,1.1484667396806676
1920.0,2.999999999999999,0.4093097301215959,0.5313955362495312,0.4495842156384141,0.30985045231010283,0.22854976066128163
1950.0,2.999999999999999,0.34784305095210033,0.5137985139809428,0.48430473659286843,0.3188168772079123,0.22854976066128163
1980.0,2.999999999999999,0.30848837108641947,0.47352116765818714,0.5073970695339539,0.33670788564514914,0.22854976066128163
2010.0,2.999999999999999,0.2820174143398369,0.42898149435936916,0.5094139533211235,0.3604636840048629,0.22854976066128163
2040.0,2.999999999999999,0.26369547970214763,0.3882801321689991,0.49453825631893844,0.37964321141089347,0.22854976066128163
2070.0,2.999999999999999,0.25084740626585683,0.3538755255111358,0.46946826694976507,0.38849899983093505,0.22854976066128163
2100.0,2.999999999999999,0.24162876545507217,0.32565001248615044,0.4399738069679245,0.38666913225855615,0.22854976066128163
2130.0,2.999999999999999,0.23503293518107166,0.30295607788122586,0.409991194348304,0.3765140014195034,0.22854976066128163
2160.0,2.999999999999999,0.22988138735155916,0.28456575292939507,0.38179452549051607,0.36104527653503626,0.22854976066128163
2190.0,2.999999999999999,0.2265234312449452,0.27009552023542704,0.3561764437843697,0.34294308417217517,0.22854976066128163
2220.0,2.999999999999999,0.22404175331550927,0.25869093447386937,0.33368377075436884,0.32408869597444784,0.22854976066128163
2250.0,2.999999999999999,0.22192712697953132,0.24945743336652765,0.3142866736900863,0.3056347414239436,0.22854976066128163
2280.0,2.999999999999999,0.22039776682936407,0.24208504921384172,0.29767991519713305,0.2883006617703571,0.22854976066128163
2310.0,2.999999999999999,0.22869062536238563,0.23259256117821248,0.28500654822830285,0.2720837438496769,0.2972610228060843
2340.0,2.999999999999999,0.23413421221132627,0.22974366422272632,0.2710139109287344,0.2589884952925949,0.2972610228060843
2370.0,2.999999999999999,0.23802848516543293,0.2295539839780253,0.25931116043547775,0.24667264991155158,0.2972610228060843
2400.0,2.999999999999999,0.24053000681115647,0.2306816012992329,0.2500873478875055,0.234746985269766,0.2972610228060843
2430.0,2.999999999999999,0.24264715648544194,0.23263535379673156,0.24353905485951485,0.22367934442859702,0.2972610228060843
2460.0,2.999999999999999,0.24381555405005678,0.23433348922950023,0.23954507740520356,0.21437269934228775,0.2972610228060843
2490.0,2.999999999999999,0.24464924983715403,0.23634411492531854,0.23699996801423362,0.20616788454218837,0.2972610228060843
2520.0,2.999999999999999,0.24524412326591952,0.23780624449617668,0.23563984117507744,0.20004080759287407,0.2972610228060843
2550.0,2.999999999999999,0.245668587922846,0.23942780792953167,0.2353448626641646,0.1950853444855933,0.2972610228060843
2580.0,2.999999999999999,0.24597145948554724,0.240745233350133,0.2359876935253223,0.19206966345729948,0.2972610228060843
2610.0,2.999999999999999,0.2461875697835338,0.24180490976989877,0.23692219417854735,0.19013897041531774,0.2972610228060843
2640.0,2.999999999999999,0.24668242258851336,0.24252798840915996,0.23737686575422373,0.1890310504558198,0.2972610228060843
2670.0,2.999999999999999,0.24703690344391308,0.24357068492750933,0.23844338871392048,0.18827238426337886,0.2972610228060843
2700.0,2.999999999999999,0.24729083082510694,0.24412221119130226,0.2393521218490229,0.188402518483359,0.2972610228060843
2730.0,2.999999999999999,0.2785027722353732,0.23199233892624427,0.24514622913722114,0.1870578633200953,0.5847605667786359
2760.0,2.999999999999999,0.3021927661120847,0.23940990218650043,0.2389725782911987,0.19117694051338774,0.5847605667786359
2790.0,2.999999999999999,0.318213016095844,0.25286117896513627,0.23379285569722072,0.19320726897410542,0.5847605667786359
2820.0,2.999999999999999,0.32904718291420537,0.2689448683560941,0.23351375597667368,0.19099889286323038,0.5847605667786359
2850.0,2.999999999999999,0.3364208730808791,0.2850656628494402,0.23822055097893188,0.18759443513567436,0.5847605667786359
2880.0,2.999999999999999,0.3413787987301537,0.2995390409587761,0.24667050040013058,0.18451155677937361,0.5847605667786359
2910.0,2.999999999999999,0.3447276227522739,0.3117696010059142,0.2582484801434233,0.18370894650853106,0.5847605667786359
2940.0,2.999999999999999,0.3495066613930564,0.3205046214308308,0.2714185284185462,0.1865011834201962,0.6111824366770581
2970.0,2.999999999999999,0.3529567021742879,0.328710098892331,0.28374873450143734,0.19249614873664767,0.6111824366770581
3000.0,2.999999999999999,0.3552723600716738,0.33561430986324725,0.2952546324134955,0.2003579835945344,0.6111824366770581
3030.0,2.999999999999999,0.35682855095760607,0.3415282561873875,0.30602674095930704,0.2091767198313626,0.6111824366770581
3060.0,2.999999999999999,0.35761756308837805,0.34579823088347433,0.3156951997843727,0.21845115932427048,0.6111824366770581
3090.0,2.999999999999999,0.3584033833142052,0.3494320967953888,0.3241543745221588,0.22761721210383065,0.6111824366770581
3120.0,2.999999999999999,0.35866849157097713,0.3520362742056457,0.3314596730983835,0.23637226667808048,0.6111824366770581
3150.0,2.999999999999999,0.3588451106393376,0.35390416091915183,0.3375532090512397,0.24445010741898368,0.6111824366770581
3180.0,2.999999999999999,0.35921954232292225,0.35540768903654557,0.34215425329506194,0.25151381565406056,0.6111824366770581
3210.0,2.999999999999999,0.35946948245046056,0.3565848079017152,0.34587285019200453,0.2571807907703342,0.6111824366770581
3240.0,2.999999999999999,0.35963632214403507,0.3572304519970616,0.3489278645456046,0.26256736567358735,0.6111824366770581
3270.0,2.999999999999999,0.3597476907490934,0.3577378488504588,0.351233565168499,0.26694719196699446,0.6111824366770581
3300.0,2.999999999999999,0.3598220313686841,0.3583828902482214,0.3529079286809738,0.27025592512949015,0.6111824366770581
3330.0,2.999999999999999,0.3598716551178388,0.35858856623160706,0.3541331746972779,0.27249260865270875,0.6111824366770581
3360.0,2.999999999999999,0.3599047798952987,0.35900409955791224,0.3552086677206494,0.27464509931152675,0.6111824366770581
3390.0,2.999999999999999,0.3599268913016404,0.35929616967593164,0.35636524406647824,0.27642763120784103,0.6111824366770581
3420.0,2.999999999999999,0.35994165107749115,0.35950094036074914,0.35726917316290274,0.27753168110447657,0.6111824366770581
3450.0,2.999999999999999,0.41072719045627304,0.3423952374994384,0.3634057034735401,0.2771074836803431,1.1514200858356385
3480.0,2.999999999999999,0.44760341726692543,0.355817203800519,0.35218417799814256,0.28371752335583267,1.1514200858356385
3510.0,2.999999999999999,0.47129246048414664,0.3800178079599829,0.3452135065539817,0.28414177015475495,1.1514200858356385
3540.0,2.999999999999999,0.48649245356213316,0.40729567903622815,0.3484910750797981,0.27868447510106686,1.1514200858356385
3570.0,2.999999999999999,0.49621677191918906,0.4324120523616984,0.36072219720388593,0.2730948954371963,1.1514200858356385
3600.0,2.999999999999999,0.5024232021800965,0.45338476767647373,0.3788974743347675,0.27133125916044015,1.1514200858356385
3630.0,2.999999999999999,0.5063748590424397,0.4698749319200716,0.39975939696132906,0.2756834886105794,1.1514200858356385
3660.0,2.999999999999999,0.5088877460518206,0.48233680001728596,0.4206373663851965,0.2850628505710759,1.1514200858356385
3690.0,2.999999999999999,0.5104803706967153,0.49150527905063573,0.43980847624227387,0.2979572817266862,1.1514200858356385
3720.0,2.999999999999999,0.5114893979286635,0.49811810961917685,0.4563471814312179,0.3126197109916312,1.1514200858356385
3750.0,2.999999999999999,0.5121286797318662,0.5028079180020516,0.46999046639397307,0.3273186568693559,1.1514200858356385
3780.0,2.999999999999999,0.512533704701427,0.506095611567314,0.48087746971022705,0.34102215893986754,1.1514200858356385
3810.0,2.999999999999999,0.5127903133287117,0.5083777290083438,0.48935061887673426,0.35293749247711204,1.1514200858356385
3840.0,2.999999999999999,0.5129528909289724,0.5099458548941931,0.4958122286388173,0.3629001582382105,1.1514200858356385
3870.0,2.999999999999999,0.5130558939978335,0.5110168211739977,0.5002726110261493,0.3707307172027193,1.1514200858356385
3900.0,2.999999999999999,0.513121152878379,0.5117444213284988,0.5039802091432232,0.37699504766837344,1.1514200858356385
3930.0,2.999999999999999,0.5131624984570801,0.5120390421280885,0.5065365204167314,0.38194448370129375,1.1514200858356385
3960.0,2.999999999999999,0.4945965105972977,0.5181171892584507,0.5063504418174523,0.3858402803899935,0.9537134243387625
3990.0,2.999999999999999,0.4819899563211604,0.5134026625380392,0.5120843492599287,0.3865382226564759,0.9537134243387625
4020.0,2.999999999999999,0.474009483548894,0.5044223355882362,0.5152773482205751,0.38937601224721813,0.9537134243387625
4050.0,2.999999999999999,0.46892423754114065,0.49493483659031645,0.5141818115776526,0.39291912202412155,0.9537134243387625
4080.0,2.999999999999999,0.4656747077091682,0.4865106124327618,0.5097197260817945,0.3957987878512084,0.9537134243387625
4110.0,2.999999999999999,0.4635953174194959,0.4796264262100147,0.5033686034460242,0.3964682690938641,0.9537134243387625
4140.0,2.999999999999999,0.4622611390667651,0.47426423677434165,0.4959899020807699,0.39443177225632864,0.9537134243387625
4170.0,2.999999999999999,0.4610565006488297,0.46960928252516576,0.4887926277989376,0.3908527694378151,0.9537134243387625
4200.0,2.999999999999999,0.46028457239551995,0.4660743070176053,0.48258919112509113,0.3866135183029427,0.9537134243387625
4230.0,2.999999999999999,0.4601354730807555,0.4640470197250552,0.4768892505463554,0.38212781832694226,0.9537134243387625
4260.0,2.999999999999999,0.46003974376918444,0.4626764374319965,0.47268959267851207,0.3776985287023738,0.9537134243387625
4290.0,2.999999999999999,0.4599782807027154,0.46140311844478504,0.46877456988868105,0.3732246239874642,0.9537134243387625
4320.0,2.999999999999999,0.45993881830109795,0.4605583664229284,0.4656883694780039,0.36955622190819887,0.9537134243387625
4350.0,2.999999999999999,0.4599134814405917,0.46034442150133503,0.46391761519929925,0.3664717739266576,0.9537134243387625
4380.0,2.999999999999999,0.45989721389290056,0.46019518885921074,0.46233471690560096,0.363577190454955,0.9537134243387625
4410.0,2.999999999999999,0.4598867693033739,0.4600917533385531,0.46125279522462653,0.3613329298846559,0.9537134243387625
4440.0,2.999999999999999,0.48619369300202203,0.45167705572365274,0.46308997781768474,0.35954284038586976,1.2360034053309468
4470.0,2.999999999999999,0.504213151565033,0.458803224462033,0.45682018041810957,0.36088557745612637,1.2360034053309468
4500.0,2.999999999999999,0.5157134339179223,0.4717881495346062,0.45356750005539737,0.3595674909155399,1.2360034053309468
4530.0,2.999999999999999,0.523031403975356,0.4855590566312553,0.4559638101886024,0.35574623779514686,1.2360034053309468
4560.0,2.999999999999999,0.5276721986704899,0.4978425646350391,0.46293806242006286,0.3532065808636575,1.2360034053309468
4590.0,2.999999999999999,0.5304036230190716,0.5077408180370246,0.47259398775838474,0.35298517605650226,1.2360034053309468
4620.0,2.999999999999999,0.5323335493208246,0.5154803919803493,0.48303076313521265,0.35605779159710516,1.2360034053309468
4650.0,2.999999999999999,0.5335525788511443,0.521117096943092,0.492971587256812,0.36137228681193073,1.2360034053309468
4680.0,2.999999999999999,0.5343231456211608,0.5254679102025432,0.5019613971080605,0.36789036931834035,1.2360034053309468
4710.0,2.999999999999999,0.5345995860918452,0.5284415533882472,0.5096880362163501,0.3747964199707693,1.2360034053309468
4740.0,2.999999999999999,0.43481000697948113,0.5627976749162233,0.5066572870515347,0.38383701635324763,0.2890135159659984
4770.0,2.999999999999999,0.37165708835417893,0.5412982313756274,0.5336528246328367,0.38096997965485696,0.2890135159659984
4800.0,2.999999999999999,0.3318040718067151,0.4979903444579493,0.5496118886901844,0.3888898534951954,0.2890135159659984
4830.0,2.999999999999999,0.30534005061929176,0.4512547021841354,0.5453708290850361,0.4044295449991725,0.2890135159659984
4860.0,2.999999999999999,0.28729333420947034,0.4092463988855656,0.5252385115152478,0.4163738365668005,0.2890135159659984
4890.0,2.999999999999999,0.27477880527087345,0.3741828071919834,0.4957725741805676,0.4190234409039707,0.2890135159659984
4920.0,2.999999999999999,0.2660705475271877,0.34592842149873,0.4632089774893728,0.4121633736189709,0.2890135159659984
4950.0,2.999999999999999,0.2594695841957963,0.32315902801113455,0.4311553974561833,0.3980381585747892,0.2890135159659984
4980.0,2.999999999999999,0.2551692887811476,0.3053465949493764,0.40143782084772867,0.37967945267433195,0.2890135159659984
5010.0,2.999999999999999,0.252115250014794,0.29147338982751453,0.37505990137186085,0.3593912054242349,0.2890135159659984
5040.0,2.999999999999999,0.24960211010877553,0.2804382147204435,0.3522918092567227,0.3389152258432807,0.2890135159659984
5070.0,2.999999999999999,0.24813650085929015,0.2716078207329408,0.3326065869122378,0.3195942415550604,0.2890135159659984
5100.0,2.999999999999999,0.2467323649595889,0.26496250998844967,0.31618857226448904,0.30161213270994,0.2890135159659984
5130.0,2.999999999999999,0.24573046096770673,0.259376283429865,0.3023035638296896,0.28545809110122994,0.2890135159659984
5160.0,2.999999999999999,0.24535790587871614,0.2556033551673682,0.29081196418875305,0.27118508716348666,0.2890135159659984
5190.0,2.999999999999999,0.24509103127418735,0.25242828445610077,0.2812152918663925,0.25864305557208794,0.2890135159659984
5220.0,2.999999999999999,0.2448998594001556,0.2500851110768506,0.27296479317043965,0.2475006724538939,0.2890135159659984
5250.0,2.999999999999999,0.3043293933080373,0.220269478354643,0.27686195112099576,0.23431178239486553,0.9254004667770076
5280.0,2.999999999999999,0.35647762282962336,0.2367178260758845,0.25608912248762444,0.23489885468361324,0.9254004667770076
5310.0,2.999999999999999,0.3898980280393767,0.2633597081645779,0.23977728527412817,0.23043008666458187,0.9254004667770076
5340.0,2.999999999999999,0.411690369821383,0.29674748435702264,0.23618216634987574,0.21877364271318153,0.9254004667770076
5370.0,2.999999999999999,0.4259061064079191,0.3302524372475174,0.24411229509527568,0.20482359985686116,0.9254004667770076
5400.0,2.999999999999999,0.4351658896536961,0.35970370618985914,0.260767499716971,0.194252015792808,0.9254004667770076
5430.0,2.999999999999999,0.4411626726252641,0.3837535403361054,0.2840584369244533,0.1905340463310364,0.9254004667770076
5460.0,2.999999999999999,0.445044329519852,0.4024660983552165,0.31028383947673444,0.19405568906534348,0.9254004667770076
5490.0,2.999999999999999,0.44754337999269755,0.4165793822698063,0.3363035090993616,0.20467220951511,0.9254004667770076
5520.0,2.999999999999999,0.4488216693147876,0.42674850086796556,0.36013629815433235,0.2204134979603135,0.9254004667770076
5550.0,2.999999999999999,0.4499788572456752,0.4341943336705084,0.38060868078087695,0.2390664838044044,0.9254004667770076
5580.0,2.999999999999999,0.45072496562778996,0.4395530072232825,0.3974383593540059,0.2583965519507078,0.9254004667770076
5610.0,2.999999999999999,0.4508690216111048,0.4428173164234827,0.41077539451798056,0.2765893545860239,0.9254004667770076
5640.0,2.999999999999999,0.4509617217242133,0.44531212691081323,0.4212308828809658,0.2926060202314501,0.9254004667770076
5670.0,2.999999999999999,0.45135867723706813,0.4468648881675782,0.4289014818057451,0.30623580324510236,0.9254004667770076
5700.0,2.999999999999999,0.4516146182364187,0.4480491598563993,0.4345533243287803,0.31707337708790123,0.9254004667770076
5730.0,2.999999999999999,0.4941535502646541,0.43640122275094123,0.44295206547636723,0.3244136812298548,1.3818609583310537
5760.0,2.999999999999999,0.5234267734337146,0.448686642756798,0.43687005040607396,0.33468719472023106,1.3818609583310537
5790.0,2.999999999999999,0.542069376104602,0.46984510469727947,0.43399195046571204,0.338429392946832,1.3818609583310537
5820.0,2.999999999999999,0.5539144497294692,0.49264272312516977,0.44001185979843005,0.33702577146506824,1.3818609583310537
5850.0,2.999999999999999,0.5614070412644522,0.5128604782413043,0.45290247516341836,0.33565734456994334,1.3818609583310537
5880.0,2.999999999999999,0.5661408441606243,0.5293132516978342,0.4696948635288775,0.33789826407359796,1.3818609583310537
5910.0,2.999999999999999,0.5691235795691058,0.5420130803499744,0.48762239039659033,0.3443644991212611,1.3818609583310537
5940.0,2.999999999999999,0.5710055235837246,0.5514752939191851,0.504709664372183,0.3544216947912275,1.3818609583310537
5970.0,2.999999999999999,0.5719608403605719,0.5579704443035433,0.5197406473805478,0.3662437866106105,1.3818609583310537
6000.0,2.999999999999999,0.5725610356369962,0.5627446483237609,0.5324131189406502,0.37841308447029376,1.3818609583310537
6030.0,2.999999999999999,0.5731672794581554,0.5662013568970912,0.5425864168939958,0.3899348925076025,1.3818609583310537
6060.0,2.999999999999999,0.5735485355719337,0.5686703967542324,0.5505842221517618,0.4000943101202366,1.3818609583310537
6090.0,2.999999999999999,0.5737883008597936,0.570409897141649,0.5567604284055128,0.4086510978767085,1.3818609583310537
6120.0,2.999999999999999,0.573939085047076,0.5716191178362371,0.5614580528348588,0.4156172097242648,1.3818609583310537
6150.0,2.999999999999999,0.5740339105797347,0.5724520727245059,0.5649758098339127,0.42112552353637783,1.3818609583310537
6180.0,2.999999999999999,0.5740935446952616,0.572792379209829,0.5674155679580428,0.42513960384979876,1.3818609583310537
6210.0,2.999999999999999,0.42893995425637194,0.6218479176546562,0.5557300765659936,0.4317123089715378,0.10497695654436147
6240.0,2.999999999999999,0.3396681235088827,0.5905496671774629,0.5888015522998518,0.42174636003053007,0.10497695654436147
6270.0,2.999999999999999,0.28493441088214416,0.530428219477285,0.6074717153848403,0.4275838989732678,0.10497695654436147
6300.0,2.999999999999999,0.24843364815606434,0.4653082651004177,0.5989480992423692,0.4442551538566544,0.10497695654436147
6330.0,2.999999999999999,0.22297729841685326,0.40701542131895174,0.569583359306941,0.4567973257898158,0.10497695654436147
6360.0,2.999999999999999,0.20466172291830373,0.3583957181151588,0.5285735012457061,0.4575619154655247,0.10497695654436147
6390.0,2.999999999999999,0.19118572611523965,0.31885580465347835,0.4836752245635276,0.4462609478254568,0.10497695654436147
6420.0,2.999999999999999,0.18688302318064837,0.2845416194205901,0.4407024290782159,0.4258362827016558,0.13388578635860474
6450.0,2.999999999999999,0.18212306909383666,0.2595858613773926,0.3996697950648791,0.4010381699814388,0.13388578635860474
6480.0,2.999999999999999,0.17842735801727644,0.2403249668620131,0.36318140030771034,0.37397775237034864,0.13388578635860474
6510.0,2.999999999999999,0.17565422394671948,0.2252730440254021,0.33168015153408775,0.34662616719041406,0.13388578635860474
6540.0,2.999999999999999,0.17308956528880695,0.21315353959892508,0.30511191934219895,0.3206178226522181,0.13388578635860474
6570.0,2.999999999999999,0.17162010963645957,0.20369368219145337,0.2825478478290655,0.2966745405750136,0.13388578635860474
6600.0,2.999999999999999,0.17047092173620051,0.19621775299394967,0.2635809727171011,0.2751488457642123,0.13388578635860474
6630.0,2.999999999999999,0.16911879094987384,0.18995507131756895,0.24782340077157886,0.25605978941398705,0.13388578635860474
6660.0,2.999999999999999,0.16856169539844548,0.18517126132023412,0.2344238704376857,0.23933308851363277,0.13388578635860474
6690.0,2.999999999999999,0.16813647109370689,0.18134353949043067,0.22313600185801052,0.22469770944296916,0.13388578635860474
6720.0,2.999999999999999,0.16781190251857314,0.17829938076351895,0.21328343695924135,0.21166681378515242,0.13388578635860474
6750.0,2.999999999999999,0.1675641632459342,0.17590698235818486,0.20541215231600585,0.2001692169115079,0.13388578635860474
6780.0,2.999999999999999,0.16737506685179812,0.17402924678209103,0.19858717907341789,0.19033040261072862,0.13388578635860474
6810.0,2.999999999999999,0.16723073185842233,0.17255351059632837,0.19314979310784763,0.18196332962357684,0.13388578635860474
6840.0,2.999999999999999,0.209446189055312,0.13837377093956202,0.1995772496711567,0.17044654922949193,0.59478293364489
6870.0,2.999999999999999,0.25940575945316297,0.15560743024323212,0.1832127169752217,0.17208910544605385,0.59478293364489
6900.0,2.999999999999999,0.2905707708388553,0.17346436894379402,0.16650873070681002,0.17116091548072912,0.59478293364489
6930.0,2.999999999999999,0.31144258623182375,0.19790730268099405,0.15891718321041454,0.16460767036781782,0.59478293364489
6960.0,2.999999999999999,0.325558977967045,0.22600562953647985,0.1604327316778448,0.153732362129009,0.59478293364489
6990.0,2.999999999999999,0.33509244648159203,0.25280091370010277,0.1688284560809605,0.1415695597625212,0.59478293364489
7020.0,2.999999999999999,0.34155882065983656,0.27612126640842855,0.18268407620153088,0.13300878424427767,0.59478293364489
7050.0,2.999999999999999,0.34590554769378506,0.29533656982746326,0.2016415299478066,0.1293411847987252,0.59478293364489
7080.0,2.999999999999999,0.34882855558722076,0.31049551060744573,0.22310297204111298,0.13136698031928867,0.59478293364489
7110.0,2.999999999999999,0.3505368730162235,0.3220224982645985,0.24499787227732162,0.13824537980710955,0.59478293364489
7140.0,2.999999999999999,0.35168267080265386,0.33062316255407914,0.2654515894438988,0.14934593914815225,0.59478293364489
7170.0,2.999999999999999,0.35270292737655956,0.337172243123881,0.2834671705713056,0.1643308195754688,0.59478293364489
7200.0,2.999999999999999,0.35338857009754043,0.34201357191384507,0.29872598053704,0.18022664173321004,0.59478293364489
7230.0,2.999999999999999,0.30000828620626097,0.3628022579571034,0.3055978828602004,0.19849871446986248,0.1828149148249386
7260.0,2.999999999999999,0.2701929305220363,0.35746166663928314,0.3258455269061401,0.2088160911002296,0.1828149148249386
7290.0,2.999999999999999,0.24948016917983026,0.33980925265112216,0.34209913990738733,0.22205816361521408,0.1828149148249386
7320.0,2.999999999999999,0.23481008846758125,0.3188109748700286,0.348991420648874,0.23843830445783226,0.1828149148249386
7350.0,2.999999999999999,0.22422645119112125,0.2983861502073511,0.34699241205934783,0.25380421783690627,0.1828149148249386
7380.0,2.999999999999999,0.2161443808292285,0.27984556030575697,0.3387449747814645,0.26476232278326733,0.1828149148249386
7410.0,2.999999999999999,0.21053513944983274,0.26403088634123506,0.3263581824968489,0.27002990473252736,0.1828149148249386
7440.0,2.999999999999999,0.2064499557932269,0.25088040420580743,0.31237871019367197,0.26968622163879047,0.1828149148249386
7470.0,2.999999999999999,0.20339502896116265,0.239936350211214,0.2983098429988624,0.2659418685564727,0.1828149148249386
7500.0,2.999999999999999,0.20113160697056923,0.23066475083190136,0.2845391059703777,0.2594684296029791,0.1828149148249386
7530.0,2.999999999999999,0.1994619382031866,0.2231148259416479,0.2716584472176902,0.25090654629552805,0.1828149148249386
7560.0,2.999999999999999,0.1979580712333548,0.21722067695597888,0.2603458608589231,0.24155474472165747,0.1828149148249386
7590.0,2.999999999999999,0.1971209016997769,0.2125149819188643,0.24980565060040238,0.2323268107048563,0.1828149148249386
7620.0,2.999999999999999,0.3014751284533796,0.1381737479072708,0.2588255141797621,0.21718660564355907,1.4906146303067227
7650.0,2.999999999999999,0.43127006316700117,0.19997400647428784,0.22014096455791604,0.22415919135707843,1.4906146303067227
7680.0,2.999999999999999,0.4942301969874486,0.2487072680713408,0.19133883534082513,0.22128825611787012,1.4906146303067227
7710.0,2.999999999999999,0.534048020939587,0.31840515123803326,0.19287417093011966,0.20273971835792018,1.4906146303067227
7740.0,2.999999999999999,0.5593613701179585,0.38694926456589174,0.21243360618016505,0.17802180907811263,1.4906146303067227
7770.0,2.999999999999999,0.5754496826573541,0.4442942419906463,0.24810134119699181,0.16015237926792295,1.4906146303067227
7800.0,2.999999999999999,0.5856385369137027,0.4890549712516245,0.2978494426095702,0.1571569632295379,1.4906146303067227
7830.0,2.999999999999999,0.5920695279541331,0.5225565636765596,0.35302076147314937,0.16898260535674522,1.4906146303067227
7860.0,2.999999999999999,0.5961263255948358,0.5469496598238904,0.405515161858754,0.19420115786392034,1.4906146303067227
7890.0,2.999999999999999,0.5986728493980666,0.5643639921611203,0.4512109413463451,0.23008675886605354,1.4906146303067227
7920.0,2.999999999999999,0.6002773828650585,0.5766059568108016,0.4887732052269578,0.2703864168615699,1.4906146303067227
7950.0,2.999999999999999,0.6010354977674327,0.5849274819589095,0.5185010971449463,0.3095290547178523,1.4906146303067227
7980.0,2.999999999999999,0.6015085173889011,0.5905350452956879,0.5412947473512846,0.34395998503550357,1.4906146303067227
8010.0,2.999999999999999,0.5762235609831222,0.6023080536490975,0.5560829366253108,0.37290302912270595,1.2119405905024154
8040.0,2.999999999999999,0.5586186175500784,0.5976144917631826,0.5746231238906978,0.3930297318704395,1.2119405905024154
8070.0,2.999999999999999,0.5477077677332501,0.5863259013422052,0.5864419316281286,0.4109778010555747,1.2119405905024154
8100.0,2.999999999999999,0.5408758880033053,0.5737362716459695,0.5898107477632943,0.42663157958751796,1.2119405905024154
8130.0,2.999999999999999,0.5365816266609469,0.5628055328747174,0.5870586475260566,0.4377584926812115,1.2119405905024154
8160.0,2.999999999999999,0.5338812256614609,0.5538838483463211,0.5806944801163376,0.4437243332159792,1.2119405905024154
8190.0,2.999999999999999,0.532179553128838,0.5469779308052377,0.5727877111545082,0.44519652240723334,1.2119405905024154
8220.0,2.999999999999999,0.5308986079432195,0.5416704273572323,0.564779600460642,0.44342713652967636,1.2119405905024154
8250.0,2.999999999999999,0.5303000918436866,0.537861802557534,0.5573450825593607,0.43941600271260056,1.2119405905024154
8280.0,2.999999999999999,0.5299230850239672,0.535179301501582,0.5509240956225295,0.43496144333978415,1.2119405905024154
8310.0,2.999999999999999,0.5296849509827486,0.5333079110454038,0.5456524193287038,0.43023441643482213,1.2119405905024154
8340.0,2.999999999999999,0.5295345350787886,0.5320143179963115,0.5414659216600313,0.4257379248403834,1.2119405905024154
8370.0,2.999999999999999,0.5294395257972584,0.5309184528393807,0.5380866800563772,0.4217774003145125,1.2119405905024154
8400.0,2.999999999999999,0.5293795137683488,0.5303908221788706,0.5355935878992012,0.4180541024114145,1.2119405905024154
8430.0,2.999999999999999,0.5293416075390223,0.5300296083391048,0.5335680859654559,0.41528215754500025,1.2119405905024154
8460.0,2.999999999999999,0.5234018271863261,0.5315547894111957,0.5318085756591648,0.41323474735773963,1.1482994202912082
8490.0,2.999999999999999,0.5193507446317099,0.5297604184169091,0.5322484177153797,0.4110690908720604,1.1482994202912082
8520.0,2.999999999999999,0.5167947928714467,0.5266902712435129,0.5322468529043654,0.4100599071518469,1.1482994202912082
8550.0,2.999999999999999,0.5149794247904076,0.5233884231614719,0.5311839347502793,0.40984271845618636,1.1482994202912082
8580.0,2.999999999999999,0.5140336698450932,0.5203718043903407,0.5290066571603043,0.40971731338958306,1.1482994202912082
8610.0,2.999999999999999,0.5134361171701782,0.5180167876798124,0.5263253229708376,0.40911512923613974,1.1482994202912082
8640.0,2.999999999999999,0.5130575302109436,0.5162448242312139,0.5235938542477387,0.40794696986684675,1.1482994202912082
8670.0,2.999999999999999,0.5128176717152505,0.5149455418674598,0.5208717555888255,0.40625240354998815,1.1482994202912082
8700.0,2.999999999999999,0.5126657063700297,0.5142105951912195,0.5187079391358906,0.40429391638409184,1.1482994202912082
8730.0,2.999999999999999,0.5125694268278717,0.5134743671406446,0.5170759703189166,0.4025500168874213,1.1482994202912082
8760.0,2.999999999999999,0.51250842772163,0.5131610767737098,0.5158462603887856,0.4009791929768337,1.1482994202912082
8790.0,2.999999999999999,0.5292797499335425,0.5079615686470126,0.5164250667863965,0.39927363159302204,1.3290981806526698
8820.0,2.999999999999999,0.5406786820905181,0.512409280511503,0.5119919103251787,0.3997032211181182,1.3290981806526698
8850.0,2.999999999999999,0.5478977778465259,0.5202852451813552,0.5094090292963556,0.3983223028522344,1.3290981806526698
8880.0,2.999999999999999,0.5524571003598341,0.5291103045007284,0.510783478384739,0.3956018778077743,1.3290981806526698
8910.0,2.999999999999999,0.555334848851454,0.536875939062888,0.5148322037469523,0.39311972361053077,1.3290981806526698
8940.0,2.999999999999999,0.5569304971606387,0.5430038450704165,0.5209344364672833,0.3926557091671741,1.3290981806526698
8970.0,2.999999999999999,0.5579345140710521,0.5476357300592444,0.5276993494282298,0.39467288494227554,1.3290981806526698
9000.0,2.999999999999999,0.5587874872327058,0.5511900449719537,0.5340033007764206,0.39784330547994384,1.3290981806526698
9030.0,2.999999999999999,0.5593247212952713,0.5538406828286498,0.5395661781842055,0.40183740708642224,1.3290981806526698
9060.0,2.999999999999999,0.5596630911889046,0.5557703430089047,0.5442738569690432,0.40603885941012907,1.3290981806526698
9090.0,2.999999999999999,0.5598762090697229,0.5569281272284602,0.5477495434749562,0.4102825216086678,1.3290981806526698
9120.0,2.999999999999999,0.5600104385977603,0.5579795984804997,0.5508313379349762,0.4136563025214732,1.3290981806526698
9150.0,2.999999999999999,0.5600949813218526,0.5584849882390703,0.5531043395923575,0.41696738972081754,1.3290981806526698
9180.0,2.999999999999999,0.560148229458097,0.5588435764845163,0.5547681505257949,0.41961950363746275,1.3290981806526698
9210.0,2.999999999999999,0.5601817671048185,0.5593165666995594,0.5561364790633715,0.4213316906403768,1.3290981806526698
9240.0,2.999999999999999,0.5567543781781643,0.5606531141522304,0.5569173585597763,0.4228203887141606,1.2920366536516024
9270.0,2.999999999999999,0.5544150841807765,0.5599035067594732,0.5585224391057995,0.42399316105678775,1.2920366536516024
9300.0,2.999999999999999,0.5529417398546861,0.5583087478310818,0.559506511122744,0.4248945383651344,1.2920366536516024
9330.0,2.999999999999999,0.5517943772156308,0.5564428814683403,0.5596163797066878,0.42593459538832745,1.2920366536516024
9360.0,2.999999999999999,0.5510724314802473,0.5547175466348016,0.5589532362133797,0.4270546274200085,1.2920366536516024
9390.0,2.999999999999999,0.5508364134847805,0.5532178453340475,0.5576096128572574,0.4276122532616564,1.2920366536516024
9420.0,2.999999999999999,0.5506877606170896,0.5523804035126247,0.5562322476190287,0.42749844249348096,1.2920366536516024
9450.0,2.999999999999999,0.5505941335399296,0.5515625969589824,0.5548299065557515,0.4269848850933884,1.2920366536516024
9480.0,2.999999999999999,0.5505351637419452,0.5512215924021637,0.5537215785575579,0.4261876421931509,1.2920366536516024
9510.0,2.999999999999999,0.5504980223809224,0.550978514464277,0.5526484886206079,0.4252080711912966,1.2920366536516024
9540.0,2.999999999999999,0.5504746293772869,0.5508075901877383,0.5520810056632386,0.4243829692706145,1.2920366536516024
9570.0,2.999999999999999,0.5504598955979093,0.5506887090370488,0.5516448830763893,0.42373425955007343,1.2920366536516024
9600.0,2.999999999999999,0.5504506157184152,0.5506067622877661,0.551315240343609,0.4232262956198437,1.2920366536516024
9630.0,2.999999999999999,0.550444770906896,0.5505506956142776,0.5510696119600856,0.422832130455622,1.2920366536516024
9660.0,2.999999999999999,0.4812024382676038,0.5724333264798248,0.5445410704782707,0.4237269590679627,0.5800052677551653
9690.0,2.999999999999999,0.43474672568481554,0.5544820794747856,0.5601836336401521,0.4174535732784042,0.5800052677551653
9720.0,2.999999999999999,0.4056551711983902,0.5209966136884229,0.567912897190454,0.41976461768223955,0.5800052677551653
9750.0,2.999999999999999,0.38689753595233584,0.4860787873392949,0.5612845594271234,0.4272920305387079,0.5800052677551653
9780.0,2.999999999999999,0.3745933808436588,0.4551462379148967,0.5432267019493336,0.43278013841833757,0.5800052677551653
9810.0,2.999999999999999,0.36645420099811465,0.42981688333253176,0.5193669807973854,0.4318780135661501,0.5800052677551653
9840.0,2.999999999999999,0.3610461225871377,0.40987434261005623,0.49363694962642635,0.4243543793139171,0.5800052677551653
9870.0,2.999999999999999,0.3571551934843481,0.3943226071091348,0.4689165879552851,0.4115037401433497,0.5800052677551653
9900.0,2.999999999999999,0.35456299857665563,0.382442336063309,0.4466138710949844,0.3963346137807102,0.5800052677551653
9930.0,2.999999999999999,0.35308690519466746,0.3736396255535515,0.4272323017330296,0.3801654081802173,0.5800052677551653
9960.0,2.999999999999999,0.3520892094353931,0.36714375673757266,0.4109684163601334,0.36426503627836715,0.5800052677551653
9990.0,2.999999999999999,0.35141872825193815,0.36239602668565485,0.3976493087622835,0.3494636976419067,0.5800052677551653
10020.0,2.999999999999999,0.3509681449822508,0.35865631039233287,0.38672732852298947,0.33629053342847076,0.5800052677551653
10050.0,2.999999999999999,0.35066533964194885,0.35622688855239426,0.37813565135592314,0.32478314615570847,0.5800052677551653
10080.0,2.999999999999999,0.35046184545944387,0.35421633108091755,0.3712588546793156,0.3148140188117647,0.5800052677551653
10110.0,2.999999999999999,0.3503250913246851,0.3530334001395853,0.36600402244888525,0.30673202681551137,0.5800052677551653
10140.0,2.999999999999999,0.35023318848430207,0.35217628244784865,0.36200113052863914,0.3000908844185172,0.5800052677551653
10170.0,2.999999999999999,0.40213876759103123,0.33363563179094563,0.3649793634420149,0.2929121334581753,1.1314120952967852
10200.0,2.999999999999999,0.44010790329033295,0.3468373682532136,0.35041169684820894,0.29404802226229854,1.1314120952967852
10230.0,2.999999999999999,0.46452515232064656,0.3713604738273381,0.3411027408730781,0.29037285114156763,1.1314120952967852
10260.0,2.999999999999999,0.4802180019287473,0.3989564658624322,0.3426860507040658,0.28156434277359565,1.1314120952967852
10290.0,2.999999999999999,0.49026227552300644,0.4245707537314685,0.35356294126416216,0.27318560624036115,1.1314120952967852
10320.0,2.999999999999999,0.496685804591142,0.44606730688560786,0.37118346137982644,0.2691874305873483,1.1314120952967852
10350.0,2.999999999999999,0.5007776567811335,0.46302554255166223,0.39187645435212864,0.2719372015503009,1.1314120952967852
10380.0,2.999999999999999,0.5029997351102493,0.4756142229460891,0.41296633397394383,0.280218882921831,1.1314120952967852
10410.0,2.999999999999999,0.47386525185596,0.4941521030305987,0.42925375203588806,0.2933304942598244,0.8073013935440202
10440.0,2.999999999999999,0.45419023909443335,0.49306957781560623,0.4527275091657773,0.30482011045193663,0.8073013935440202
10470.0,2.999999999999999,0.4416722424805969,0.4830830865835235,0.4702811336991698,0.3198637757823072,0.8073013935440202
10500.0,2.999999999999999,0.43363020614750686,0.47080065073522814,0.47867752485559,0.3373647137491099,0.8073013935440202
10530.0,2.999999999999999,0.42811377145437857,0.45896088415692493,0.4795295312727421,0.3523548925692523,0.8073013935440202
10560.0,2.999999999999999,0.4248602840345277,0.4490296840888165,0.47489081086538676,0.36229927589925537,0.8073013935440202
10590.0,2.999999999999999,0.4227510399074709,0.44080957926992104,0.4675157165493681,0.367052514756182,0.8073013935440202
10620.0,2.999999999999999,0.42107108098685153,0.4346612266039986,0.45956375125453214,0.367124704940425,0.8073013935440202
10650.0,2.999999999999999,0.4199840661714202,0.42991988558989586,0.45220790050867216,0.36465536918157326,0.8073013935440202
10680.0,2.999999999999999,0.4238726092218594,0.4251903240097382,0.4458014173122047,0.36087974559877595,0.8515101960346051
10710.0,2.999999999999999,0.42652724826226884,0.4235939100064924,0.4387144293647751,0.3565435317537325,0.8515101960346051
10740.0,2.999999999999999,0.42793054343267134,0.4235580077496779,0.43308017037615393,0.3515320277656368,0.8515101960346051
10770.0,2.999999999999999,0.42883844463070947,0.42449460877206,0.42943927658188363,0.34657621502799635,0.8515101960346051
10800.0,2.999999999999999,0.42974254226028985,0.4257378682200324,0.4269886719792797,0.34168047111532,0.8515101960346051
10830.0,2.999999999999999,0.43032861827758845,0.42696197397293717,0.4258469202369078,0.33801417574264114,0.8515101960346051
10860.0,2.999999999999999,0.4307085386388576,0.42771184826219705,0.4253736420152129,0.33538545761791105,0.8515101960346051
10890.0,2.999999999999999,0.4309548197980357,0.42837286192369867,0.42567242628578833,0.3335731644072532,0.8515101960346051
10920.0,2.999999999999999,0.4311144701236027,0.42923080504178146,0.4263521446805734,0.33281047091630916,0.8515101960346051
10950.0,2.999999999999999,0.36915684221612016,0.4494836324664581,0.4210176872583996,0.3339919298310411,0.3022776803430947
10980.0,2.999999999999999,0.33180858942178837,0.4376484802158817,0.43486789803402637,0.32809478607956866,0.3022776803430947
11010.0,2.999999999999999,0.3069517901722806,0.41217464149687444,0.44400585808963755,0.32979836278586205,0.3022776803430947
11040.0,2.999999999999999,0.2899947883153604,0.384183814087682,0.4422935042905947,0.3370242622619685,0.3022776803430947
11070.0,2.999999999999999,0.27825098654721814,0.3583116934088517,0.4308846108101557,0.34341323765763326,0.3022776803430947
11100.0,2.999999999999999,0.26970339824286427,0.3359271471208814,0.4141866869424131,0.34545229447237646,0.3022776803430947
11130.0,2.999999999999999,0.26400239559089356,0.3175170334176258,0.39467265743175023,0.3420376821810255,0.3022776803430947
11160.0,2.999999999999999,0.25999176059508894,0.3027078909853879,0.37472372150510314,0.33422650925469144,0.3022776803430947
11190.0,2.999999999999999,0.25713065282998004,0.2909205204141137,0.3557979573890068,0.32356578552731546,0.3022776803430947
11220.0,2.999999999999999,0.25510483807456225,0.28165062306145083,0.33864995268143533,0.3109529350348594,0.3022776803430947
11250.0,2.999999999999999,0.2533162539088361,0.27421120922705916,0.3236696233350533,0.2980158208595902,0.3022776803430947
11280.0,2.999999999999999,0.25205368203455686,0.26824270163387093,0.31064154508363656,0.2853266532157609,0.3022776803430947
11310.0,2.999999999999999,0.2511357553126276,0.263523533873465,0.2995063985008475,0.27345065900280413,0.3022776803430947
11340.0,2.999999999999999,0.27568963555258397,0.24975119145250807,0.29378451489420665,0.26124706129399855,0.5251176836204458
11370.0,2.999999999999999,0.29362676610427446,0.25256314069320807,0.2796889241873539,0.25439661430032945,0.5251176836204458
11400.0,2.999999999999999,0.30587492391702015,0.2607948485003531,0.26847980047418174,0.24631499809867935,0.5251176836204458
11430.0,2.999999999999999,0.31426497528083724,0.27154376613012704,0.26239858780602743,0.23639665680659705,0.5251176836204458
11460.0,2.999999999999999,0.3199827634005501,0.282653023649262,0.2612939633051046,0.22645768431354485,0.5251176836204458
11490.0,2.999999999999999,0.32366857286762396,0.29237730420949215,0.26360583308693064,0.21819251058736938,0.5251176836204458
11520.0,2.999999999999999,0.32618353663815175,0.3011212976983051,0.2692454571545912,0.21243023196761876,0.5251176836204458
11550.0,2.999999999999999,0.328125556700917,0.3083989262136907,0.2760265717614454,0.20998584709993287,0.5251176836204458
11580.0,2.999999999999999,0.3872068608407343,0.29365373984439636,0.29047660441355916,0.20784419945142987,1.143343463669707
11610.0,2.999999999999999,0.4315087970904637,0.31289900820715166,0.28506641518060594,0.21711224632642692,1.143343463669707
11640.0,2.999999999999999,0.4601488180708608,0.3438878520294125,0.2832441045951022,0.2214058892552156,1.143343463669707
11670.0,2.999999999999999,0.47856654188807163,0.37816035467090126,0.2914676433591989,0.21983592364901972,1.143343463669707
11700.0,2.999999999999999,0.49036582970038367,0.40976428935961506,0.3098414426050065,0.2174031205774524,1.143343463669707
11730.0,2.999999999999999,0.49791103637005446,0.43611583196230025,0.3348351539282188,0.21961811355531707,1.143343463669707
11760.0,2.999999999999999,0.5027176943341553,0.4568275729440015,0.3628057917209782,0.2276803503705589,1.143343463669707
11790.0,2.999999999999999,0.505776674544091,0.47246225799589125,0.39055718460969624,0.2421485254824934,1.143343463669707
11820.0,2.999999999999999,0.5077211872581606,0.48394623728395,0.4158189702921887,0.26056759328661483,1.143343463669707
11850.0,2.999999999999999,0.5089531575705978,0.49221680310137583,0.43750907250002985,0.281322395223764,1.143343463669707
11880.0,2.999999999999999,0.5097336877464843,0.49808186161871815,0.45534642469767583,0.3019604733965393,1.143343463669707
11910.0,2.999999999999999,0.5102282023864226,0.5021867235303167,0.4695079035028704,0.3208878151595925,1.143343463669707
11940.0,2.999999999999999,0.5105415083118926,0.5050336428507126,0.48047308386253873,0.3372546208683597,1.143343463669707
11970.0,2.999999999999999,0.5107400071934359,0.5069923362171979,0.4888008544919626,0.3508059001068912,1.143343463669707
12000.0,2.999999999999999,0.3821437657799072,0.5489984651086214,0.48325945229265016,0.36459798585354747,0.09122380580677648
12030.0,2.999999999999999,0.30921471137372586,0.5258651899367046,0.5140996754785534,0.36197415511075565,0.09122380580677648
12060.0,2.999999999999999,0.2625912827027769,0.47650351254357937,0.5333271338215478,0.3714107033289133,0.09122380580677648
12090.0,2.999999999999999,0.23079210341630982,0.4227042173209597,0.5300114626644592,0.3893268345760027,0.09122380580677648
12120.0,2.999999999999999,0.2082191885250341,0.3736076136806669,0.5086741988135391,0.40369738229487423,0.09122380580677648
12150.0,2.999999999999999,0.19171945812634303,0.33182096249619597,0.476765231918847,0.40792268047008573,0.09122380580677648
12180.0,2.999999999999999,0.17945119078709254,0.2972411545602379,0.44062238291777384,0.4013983881082784,0.09122380580677648
12210.0,2.999999999999999,0.17020597114961386,0.2689254802582795,0.4044687061903355,0.3863188737893448,0.09122380580677648
12240.0,2.999999999999999,0.1631050406800045,0.24576477087699863,0.3705762424752194,0.3666180184909162,0.09122380580677648
12270.0,2.999999999999999,0.1664440526679529,0.22268425863674024,0.3414257368168402,0.34406546128557575,0.13735432055238025
12300.0,2.999999999999999,0.16702019803238213,0.20840956037955982,0.31270767754923656,0.3224467034493577,0.13735432055238025
12330.0,2.999999999999999,0.1674599628292642,0.19803742707896732,0.28721375387998643,0.3010783700881985,0.13735432055238025
12360.0,2.999999999999999,0.16779562998640307,0.1904949301129413,0.2655580520490088,0.2802258351531334,0.13735432055238025
12390.0,2.999999999999999,0.1680518406726167,0.18493842784313397,0.24756385623581514,0.2606986242717142,0.13735432055238025
12420.0,2.999999999999999,0.16824740319440032,0.18083080843173718,0.23269072690499631,0.24283791851784947,0.13735432055238025
12450.0,2.999999999999999,0.1683966737048992,0.17774787771471806,0.2204861147202968,0.2269040141872332,0.13735432055238025
12480.0,2.999999999999999,0.168510610082388,0.17548429923789674,0.21051664425797578,0.21283489970519487,0.13735432055238025
12510.0,2.999999999999999,0.16859757634298353,0.17334406991059603,0.20211379697066365,0.20075820621867477,0.13735432055238025
12540.0,2.999999999999999,0.1686639566391511,0.17220412139224645,0.19546438151453716,0.19010638168602076,0.13735432055238025
12570.0,2.999999999999999,0.16871462391734748,0.17086266735779054,0.18978826181570935,0.18116262204990233,0.13735432055238025
12600.0,2.999999999999999,0.1687532976387384,0.16986406943278462,0.18489061794125106,0.17328882570436815,0.13735432055238025
12630.0,2.999999999999999,0.16878281682310084,0.16958844442239177,0.18136236802928352,0.16608602826392604,0.13735432055238025
12660.0,2.999999999999999,0.16880534845993544,0.16938805505712298,0.17860627412020672,0.1604567552362569,0.13735432055238025
12690.0,2.999999999999999,0.14281691334318214,0.17829857934665921,0.17197574972505691,0.1567471706977734,0.032250903509982616
12720.0,2.999999999999999,0.13177596597300525,0.17792802459753762,0.17432929086444765,0.15035329249337254,0.032250903509982616
12750.0,2.999999999999999,0.12301634245826092,0.17303320064715463,0.17707925314127704,0.14579308529242366,0.032250903509982616
12780.0,2.999999999999999,0.11604445742751351,0.16619256674895996,0.17853187284031297,0.1428642272234288,0.032250903509982616
12810.0,2.999999999999999,0.11052536529123912,0.15873335539192238,0.17902584956409828,0.14243095966934374,0.032250903509982616
12840.0,2.999999999999999,0.10592303403117888,0.15109352880872454,0.17771715102847088,0.14302360724027863,0.032250903509982616
12870.0,2.999999999999999,0.1021804607216434,0.14378247357882115,0.17442512150281578,0.14355698203037678,0.032250903509982616
12900.0,2.999999999999999,0.09859812766462386,0.1363376727538939,0.17058094340289828,0.14392543365376423,0.032250903509982616
12930.0,2.999999999999999,0.09619324345700786,0.13017602095113812,0.16591096854692525,0.14369132016864947,0.032250903509982616
12960.0,2.999999999999999,0.09411942468043924,0.12455586714537766,0.16075595792359573,0.14272702291912212,0.032250903509982616
12990.0,2.999999999999999,0.09186706649937801,0.11931092089173344,0.1555424369705313,0.1410320116290229,0.032250903509982616
13020.0,2.999999999999999,0.2744708491537551,0.08048013610307225,0.1581753811753673,0.13546599555127115,1.2863922682469942
13050.0,2.999999999999999,0.39200157796703067,0.12378326193192532,0.10903399775422055,0.14478626141751522,1.2863922682469942
13080.0,2.999999999999999,0.44909378634868646,0.17462293719493127,0.0897379489387641,0.14454280662312843,1.2863922682469942
13110.0,2.999999999999999,0.4854021440989067,0.25932860560073323,0.11279785579906704,0.13070793127664893,1.2863922682469942
13140.0,2.999999999999999,0.508587179736867,0.3309854897973651,0.13205509672317645,0.10680503682527928,1.2863922682469942
13170.0,2.999999999999999,0.5233752315252074,0.38935456234775995,0.16100585820307745,0.08642281968140661,1.2863922682469942
13200.0,2.999999999999999,0.5327841858881587,0.4344920041175636,0.21430580551457304,0.08574182053592076,1.2863922682469942
13230.0,2.999999999999999,0.5387458171086086,0.46823265202341774,0.275628497764456,0.09603234286760352,1.2863922682469942
13260.0,2.999999999999999,0.5425131948968159,0.49277188095853774,0.3339498600646489,0.1163432244835362,1.2863922682469942
13290.0,2.999999999999999,0.5448900904304929,0.5102481140113134,0.3842483221813011,0.15191815172407905,1.2863922682469942
13320.0,2.999999999999999,0.5461739568962868,0.5223665989981437,0.42535717781462934,0.19749711085897736,1.2863922682469942
13350.0,2.999999999999999,0.5469822023327586,0.530679539297803,0.4577678558937306,0.24325242770027972,1.2863922682469942
13380.0,2.999999999999999,0.5474910252539755,0.5361238898673405,0.48240117426980406,0.2848614852855766,1.2863922682469942
13410.0,2.999999999999999,0.54802689759078,0.5401630872055782,0.5007951150885553,0.3192798882946136,1.2863922682469942
13440.0,2.999999999999999,0.5483654642284221,0.5429715435766077,0.5143847721698415,0.34625428986107,1.2863922682469942
13470.0,2.999999999999999,0.548578764760226,0.5449033662887519,0.5243190494938041,0.36677189966544216,1.2863922682469942
13500.0,2.999999999999999,0.5487131093286134,0.5460087060495536,0.5313626078891611,0.38199597188175144,1.2863922682469942
13530.0,2.999999999999999,0.4697977608392556,0.5721862643333813,0.5292104811967165,0.3948103887422013,0.48844130119046203
13560.0,2.999999999999999,0.41743767981270613,0.5528611600248244,0.5508130375792971,0.3956994456155347,0.48844130119046203
13590.0,2.999999999999999,0.38463665305202266,0.5160250502101044,0.5626631696912407,0.40374736966380176,0.48844130119046203
13620.0,2.999999999999999,0.36332675366591854,0.47690636777846396,0.5575049919542219,0.41700331190607276,0.48844130119046203
13650.0,2.999999999999999,0.3492060009998438,0.44213900438279385,0.5391563797316564,0.4264717875627808,0.48844130119046203
13680.0,2.999999999999999,0.33974612058901515,0.4135436523739912,0.513463859739981,0.42784804846880164,0.48844130119046203
13710.0,2.999999999999999,0.33335444531793657,0.39086130102473565,0.48531820183820584,0.4210985420523228,0.48844130119046203
13740.0,2.999999999999999,0.32903718578223967,0.37324377324066005,0.45793984279942335,0.4082858825257582,0.48844130119046203
13770.0,2.999999999999999,0.32609600492330515,0.35972777181676646,0.43309448284686175,0.39195391945457897,0.48844130119046203
13800.0,2.999999999999999,0.3238712739065,0.34931507029276326,0.41153725176351375,0.37424489861890387,0.48844130119046203
13830.0,2.999999999999999,0.32236750586520957,0.34112547640271584,0.39306438010858497,0.3568131697805591,0.48844130119046203
13860.0,2.999999999999999,0.3215769559724834,0.33535530967705957,0.37770036449932437,0.3404312695736109,0.48844130119046203
13890.0,2.999999999999999,0.3208001061629547,0.33097497030745293,0.36523599227538917,0.3255884803337993,0.48844130119046203
13920.0,2.999999999999999,0.36047640187066793,0.3130467957060056,0.3599469274526554,0.3112113103890054,0.8958633684582831
13950.0,2.999999999999999,0.38947718607173054,0.3208839206243913,0.34220693837852895,0.30454210414412797,0.8958633684582831
13980.0,2.999999999999999,0.40847045999775955,0.3377547970076574,0.32949012825139096,0.29494175721849786,0.8958633684582831
14010.0,2.999999999999999,0.42087631776373646,0.3575765638662377,0.32582237409766235,0.2823465357894309,0.8958633684582831
14040.0,2.999999999999999,0.42897199309310696,0.3766023736667577,0.33024991395717784,0.2708439102372626,0.8958633684582831
14070.0,2.999999999999999,0.434232851633885,0.39297979765203955,0.3403690021277947,0.2628619383705418,0.8958633684582831
14100.0,2.999999999999999,0.43731766389006166,0.4060117949153387,0.35381507891547703,0.2605555792944183,0.8958633684582831
14130.0,2.999999999999999,0.4393134697633922,0.4160042313604821,0.3682904385151861,0.263146446196901,0.8958633684582831
14160.0,2.999999999999999,0.38857128324235307,0.43982127632169454,0.376866947665091,0.2710867948099748,0.40662265069052356
14190.0,2.999999999999999,0.35682695489775246,0.43456004107253476,0.40026033541204825,0.27469651659843736,0.40662265069052356
14220.0,2.999999999999999,0.3358671146903577,0.41567659176190136,0.4178602670608714,0.28539875859557295,0.40662265069052356
14250.0,2.999999999999999,0.3217732381110559,0.39408612493064016,0.42429954258205,0.30084083608705614,0.40662265069052356
14280.0,2.999999999999999,0.31217859361141154,0.37364549153200216,0.42087302233596835,0.31507442368712363,0.40662265069052356
14310.0,2.999999999999999,0.3056138220478153,0.35597762549034245,0.41056870342521695,0.32411826704146535,0.40662265069052356
14340.0,2.999999999999999,0.3010851180370506,0.3413845209634797,0.396951473653057,0.3270986773003965,0.40662265069052356
14370.0,2.999999999999999,0.29798023405438306,0.3296759781459068,0.38254788307226606,0.3247560805628708,0.40662265069052356
14400.0,2.999999999999999,0.29541242847900917,0.3199354514231066,0.36832809229492786,0.3188326106305381,0.40662265069052356
14430.0,2.999999999999999,0.2940583821816499,0.3125116129813115,0.35495737488622275,0.3110001796863519,0.40662265069052356
14460.0,2.999999999999999,0.2931221532280989,0.307100334080025,0.3431959127632069,0.30190070900753835,0.40662265069052356
14490.0,2.999999999999999,0.29247481594341623,0.3029871914764494,0.333120569706398,0.29238952664120016,0.40662265069052356
14520.0,2.999999999999999,0.29162068388492357,0.29963926658704876,0.3247745833032274,0.2828299458306567,0.40662265069052356
14550.0,2.999999999999999,0.2914366541946698,0.2972308290871291,0.31771723876346963,0.27463183613536846,0.40662265069052356
14580.0,2.999999999999999,0.2913094104477872,0.2950695391720213,0.31144236933178066,0.26678205584192227,0.40662265069052356
14610.0,2.999999999999999,0.2912214302360159,0.29352753568826445,0.30647136409224446,0.26037455195605574,0.40662265069052356
14640.0,2.999999999999999,0.29116059803126737,0.29283772580099454,0.30269846349776997,0.2542443036244936,0.40662265069052356
14670.0,2.999999999999999,0.38655664877156165,0.2521290211118793,0.31330360120438333,0.24517936899308806,1.4950596705769528
14700.0,2.999999999999999,0.4680805719311341,0.2817234331969619,0.28637567991250945,0.25368449987903907,1.4950596705769528
14730.0,2.999999999999999,0.5176203566405957,0.3277559641917913,0.26821782813075284,0.25185271633227513,1.4950596705769528
14760.0,2.999999999999999,0.5493373573869313,0.3839711243559491,0.27150663726394136,0.23759632050495233,1.4950596705769528
14790.0,2.999999999999999,0.5695196457802251,0.43709519874134584,0.292485894880139,0.22159383879721029,1.4950596705769528
14820.0,2.999999999999999,0.5823184637629539,0.4814119106045613,0.3268130789763338,0.21330855734283294,1.4950596705769528
14850.0,2.999999999999999,0.5904094243561071,0.5159784033161762,0.3694457948168653,0.2171707731443409,1.4950596705769528
14880.0,2.999999999999999,0.5955172969726201,0.5418560142254426,0.4133470217626159,0.23306355555186464,1.4950596705769528
14910.0,2.999999999999999,0.5987277867874329,0.5607248026365359,0.4539261577714776,0.25834318909187726,1.4950596705769528
14940.0,2.999999999999999,0.6007485965862109,0.5742048379090199,0.48879862839645893,0.2888711026311577,1.4950596705769528
14970.0,2.999999999999999,0.6020152681693829,0.5836881423650528,0.5173001047673307,0.32041048411175954,1.4950596705769528
15000.0,2.999999999999999,0.6025600418389893,0.5900956338151636,0.5398465369877347,0.3496144319995438,1.4950596705769528
15030.0,2.999999999999999,0.6028999489350984,0.5944002696229391,0.5571531903114084,0.3748585916497614,1.4950596705769528
15060.0,2.999999999999999,0.4757149448272122,0.6413537316414434,0.5578638991652064,0.39833086981620136,0.24835627249626135
15090.0,2.999999999999999,0.390211647020004,0.611010028268272,0.5971543906361011,0.40326787853622215,0.24835627249626135
15120.0,2.999999999999999,0.3385116886154425,0.5537446535336551,0.6192098639258179,0.4195843240531983,0.24835627249626135
15150.0,2.999999999999999,0.3048025569329912,0.49201165212060605,0.6132781038902734,0.44311989179610817,0.24835627249626135
15180.0,2.999999999999999,0.281963453098762,0.43726059036758447,0.5862981919070278,0.4601564965261523,0.24835627249626135
15210.0,2.999999999999999,0.2661096908574588,0.39217701266570126,0.5474677815934874,0.46398795365500545,0.24835627249626135
15240.0,2.999999999999999,0.25499155933840023,0.3562493326726943,0.5047083822284573,0.45489759109396666,0.24835627249626135
15270.0,2.999999999999999,0.24703587556359585,0.32786146600539784,0.463095022175215,0.4364326568209932,0.24835627249626135
15300.0,2.999999999999999,0.24100946683608632,0.3053624661373876,0.4253136800273751,0.41256266294127447,0.24835627249626135
15330.0,2.999999999999999,0.23698651657361636,0.28780084155463265,0.39208888016920596,0.3867312980874689,0.24835627249626135
15360.0,2.999999999999999,0.23409374699055724,0.27411299346372253,0.3635499202028067,0.36105285307469354,0.24835627249626135
15390.0,2.999999999999999,0.23169628783017443,0.2629021694899001,0.3392644520355868,0.33691318702288775,0.24835627249626135
15420.0,2.999999999999999,0.2302768519151675,0.25420957769172225,0.31857693481805094,0.3149441330085272,0.24835627249626135
15450.0,2.999999999999999,0.22923889505946454,0.24787253861761754,0.3015268582097981,0.29507718306349423,0.24835627249626135
15480.0,2.999999999999999,0.2987307964819211,0.2036160466450662,0.300776301165962,0.27326108166149154,1.0521598331975783
15510.0,2.999999999999999,0.36795486391366955,0.22598111564057202,0.2687514530407145,0.26877934088724903,1.0521598331975783
15540.0,2.999999999999999,0.41000471575885,0.2566830496338143,0.24305598602231981,0.25816641474289054,1.0521598331975783
15570.0,2.999999999999999,0.4373276972561131,0.2972091742730877,0.23507903333028815,0.2394104081131732,1.0521598331975783
15600.0,2.999999999999999,0.45500227275962,0.33870731911436297,0.24207205862772943,0.2181025170968238,1.0521598331975783
15630.0,2.999999999999999,0.46638745869587245,0.37516361887742455,0.26055102994604196,0.20136345475702158,1.0521598331975783
15660.0,2.999999999999999,0.4736975453512,0.4047990746323621,0.2874250454646652,0.19373562894375496,1.0521598331975783
15690.0,2.999999999999999,0.47838481604177086,0.4277009078667614,0.31861932424160744,0.1959451395849829,1.0521598331975783
15720.0,2.999999999999999,0.4810231369058624,0.4445865985476775,0.3500444900372092,0.20659150853621688,1.0521598331975783
15750.0,2.999999999999999,0.4830700832987123,0.4570119603672417,0.3786435584878172,0.22434121533063403,1.0521598331975783
15780.0,2.999999999999999,0.48437858327361577,0.4659771300215591,0.40318150409295184,0.24627011589957837,1.0521598331975783
15810.0,2.999999999999999,0.48521503516620224,0.4723472817653484,0.42332652318825015,0.2691508014231509,1.0521598331975783
15840.0,2.999999999999999,0.48574885392512646,0.47682812578637196,0.4393608252285181,0.29071728428514804,1.0521598331975783
15870.0,2.999999999999999,0.48608877365571856,0.4795878165582526,0.4515421548283028,0.3097597857877655,1.0521598331975783
15900.0,2.999999999999999,0.48630511593938675,0.4815092351099284,0.46065041760775866,0.3255702604838496,1.0521598331975783
15930.0,2.999999999999999,0.4864428072220355,0.4832018355061519,0.4676351209620263,0.3381654967641517,1.0521598331975783
15960.0,2.999999999999999,0.4865304409892121,0.48434889090459077,0.47254256396800526,0.3477380753489969,1.0521598331975783
15990.0,2.999999999999999,0.4114262848653067,0.5088765773070865,0.46948746643589073,0.3569912654049221,0.3475377595488804
16020.0,2.999999999999999,0.36452314167547634,0.492757542091394,0.48869263966373716,0.3558286677802989,0.3475377595488804
16050.0,2.999999999999999,0.33418220906894397,0.46011161532661576,0.500272024884889,0.3621481567830083,0.3475377595488804
16080.0,2.999999999999999,0.3138979962276262,0.4249093454957059,0.49716186259636796,0.373730463746212,0.3475377595488804
16110.0,2.999999999999999,0.3000637689426918,0.39302218350447155,0.48197993341782963,0.38246655382054745,0.3475377595488804
16140.0,2.999999999999999,0.2905230932698631,0.3661681287912761,0.45965443855177707,0.3847063689951584,0.3475377595488804
16170.0,2.999999999999999,0.28392762648555614,0.3443967792108206,0.4350419482165743,0.37987764009191893,0.3475377595488804
16200.0,2.999999999999999,0.2793678703784896,0.32709775340439207,0.4104493241351263,0.36916670416009245,0.3475377595488804
16230.0,2.999999999999999,0.27611910077294716,0.31344703473824714,0.38754665005767486,0.3550636454439485,0.3475377595488804
16260.0,2.999999999999999,0.27344859700790763,0.30256350433960166,0.36720054409752423,0.3395614042024506,0.3475377595488804
16290.0,2.999999999999999,0.28214652723132727,0.29030290651502966,0.3507953318452017,0.3233674465713312,0.4342774365548884
16320.0,2.999999999999999,0.2879276556924864,0.2860232302744946,0.33330003064909225,0.30938152291528204,0.4342774365548884
16350.0,2.999999999999999,0.29154405979217435,0.28504195391507114,0.31887323887550306,0.2953247456762017,0.4342774365548884
16380.0,2.999999999999999,0.29447255776127035,0.2860309880033454,0.3079841699981629,0.2816198333007644,0.4342774365548884
16410.0,2.999999999999999,0.2964770022599809,0.2878911437211134,0.300528160185183,0.2691497931837385,0.4342774365548884
16440.0,2.999999999999999,0.2978516237711042,0.29002127729074845,0.2958936549905584,0.25838733560920885,0.4342774365548884
16470.0,2.999999999999999,0.29880207905568174,0.29168923921218987,0.29269879704922463,0.24967085215634954,0.4342774365548884
16500.0,2.999999999999999,0.2990430288693849,0.29340293154860336,0.2914177908461239,0.24276938329066816,0.4342774365548884
16530.0,2.999999999999999,0.2996258529182107,0.2945309347574755,0.2912227589099087,0.23773812490178745,0.4342774365548884
16560.0,2.999999999999999,0.30002883526113416,0.29595876408835337,0.2913303201438514,0.23419600037301727,0.4342774365548884
16590.0,2.999999999999999,0.35572287858026375,0.2759256508642081,0.29961016128504386,0.23010110488483998,1.0168664199870112
16620.0,2.999999999999999,0.39882570258915023,0.29131877501842235,0.2873632673651196,0.23616740904138844,1.0168664199870112
16650.0,2.999999999999999,0.42659312541037525,0.3179306548351069,0.2791447926941395,0.23673384935552158,1.0168664199870112
16680.0,2.999999999999999,0.44459386051941296,0.3487610278564733,0.28162353169148124,0.23070032970875926,1.0168664199870112
16710.0,2.999999999999999,0.4562397944326671,0.37799441073210843,0.2938276874559343,0.22362395417282463,1.0168664199870112
16740.0,2.999999999999999,0.4637348485452324,0.4029275349090929,0.31291114208248894,0.21975145383658085,1.0168664199870112
16770.0,2.999999999999999,0.4685454520805509,0.42283696185760355,0.3364831193938922,0.22217925272120123,1.0168664199870112
16800.0,2.999999999999999,0.4716327744844179,0.438103265810768,0.36085517521902166,0.23120548301259614,1.0168664199870112
16830.0,2.999999999999999,0.4736123856611518,0.449456726986772,0.38388313966581905,0.24508814838043808,1.0168664199870112
16860.0,2.999999999999999,0.4745215456636357,0.45746851928253623,0.4042083479019338,0.2619904962488121,1.0168664199870112
16890.0,2.999999999999999,0.4751015864195051,0.46305569314310635,0.4212057634943206,0.2797686657430302,1.0168664199870112
16920.0,2.999999999999999,0.4758305554260069,0.4668135730314501,0.43451799262498714,0.29697351532997196,1.0168664199870112
16950.0,2.999999999999999,0.47593672985952845,0.4696644532010328,0.44513721248229465,0.3121992231800698,1.0168664199870112
16980.0,2.999999999999999,0.4763644165833526,0.47144117223232507,0.4530077942128411,0.32514452059945703,1.0168664199870112
17010.0,2.999999999999999,0.4766378131262934,0.47313322156238063,0.4590905915039165,0.3356169271675089,1.0168664199870112
17040.0,2.999999999999999,0.4768125804630573,0.47398745095733213,0.4635126200316488,0.3439144503347557,1.0168664199870112
17070.0,2.999999999999999,0.4769242995860242,0.47461483896621903,0.46672489874668427,0.3503307115887686,1.0168664199870112
17100.0,2.999999999999999,0.46243406681503835,0.47956006135995655,0.46770211859103505,0.355249626453409,0.8644713180432821
17130.0,2.999999999999999,0.45267972117924055,0.476485934454842,0.4729165516276995,0.3572902612940989,0.8644713180432821
17160.0,2.999999999999999,0.4464275669472953,0.4699169940815092,0.47622153370635395,0.3603253555970422,0.8644713180432821
17190.0,2.999999999999999,0.4424047867256948,0.4627749320464126,0.47580133048987383,0.3641312482030959,0.8644713180432821
17220.0,2.999999999999999,0.43980841281700245,0.456318201519254,0.4731289984647403,0.36710918985657076,0.8644713180432821
17250.0,2.999999999999999,0.4381343750184113,0.4509653604751725,0.46840733628743464,0.3679274794133418,0.8644713180432821
17280.0,2.999999999999999,0.4367290552780605,0.4461837136892205,0.4629630204807397,0.36704370661891905,0.8644713180432821
17310.0,2.999999999999999,0.43582368984714537,0.4427885163204333,0.4580302085277442,0.3652100848663909,0.8644713180432821
17340.0,2.999999999999999,0.43556193234862123,0.4404001806788781,0.45334213383903216,0.3622489894129152,0.8644713180432821
17370.0,2.999999999999999,0.4353922495763035,0.43873914894459953,0.44925848319636363,0.35891675891312325,0.8644713180432821
17400.0,2.999999999999999,0.4087732659596048,0.44597788083333106,0.443256491022116,0.3562257698183381,0.6037669979479197
17430.0,2.999999999999999,0.39143902887895937,0.43900946357456433,0.44642996780059535,0.35073732898915433,0.6037669979479197
17460.0,2.999999999999999,0.3800907785270689,0.4260263566211553,0.4475649008770208,0.34873698613192494,0.6037669979479197
17490.0,2.999999999999999,0.37260248312287536,0.41241301950690545,0.44404330484993787,0.3494497628845908,0.6037669979479197
17520.0,2.999999999999999,0.36735527979149374,0.4003003013634397,0.4369196633976915,0.3496806375127532,0.6037669979479197
17550.0,2.999999999999999,0.36413681981567464,0.3902142366536457,0.4271634751681805,0.34834607522726163,0.6037669979479197
17580.0,2.999999999999999,0.3619810133816068,0.38214462490365353,0.4170666189456893,0.3449197701928622,0.6037669979479197
17610.0,2.999999999999999,0.3602803599876617,0.37570016958587066,0.4072325137928649,0.33943931024886,0.6037669979479197
17640.0,2.999999999999999,0.3591473593723656,0.37039429882596653,0.3979687881768595,0.3333356749900827,0.6037669979479197
17670.0,2.999999999999999,0.3583925374910629,0.36638482661785454,0.38971340207451133,0.32661270760515204,0.6037669979479197
17700.0,2.999999999999999,0.3581465978666469,0.36381092580743124,0.3827054835871907,0.31982067252519625,0.6037669979479197
17730.0,2.999999999999999,0.35798242858346885,0.3617187230937291,0.376807270969965,0.3134244488621703,0.6037669979479197
17760.0,2.999999999999999,0.39260693081954934,0.3487152487126608,0.37612151313015535,0.306379910400481,0.9633593483353001
17790.0,2.999999999999999,0.4172343520999625,0.35660714331121723,0.36415417494998725,0.3048225446447655,0.9633593483353001
17820.0,2.999999999999999,0.43326404460214174,0.3723309126371152,0.35643459287425705,0.3000683530326651,0.9633593483353001
17850.0,2.999999999999999,0.4436686655257687,0.38981984181880114,0.35572102080670664,0.2922604114928816,0.9633593483353001
17880.0,2.999999999999999,0.4503947041614411,0.40646801556629886,0.36173636063963466,0.28510341586508464,0.9633593483353001
17910.0,2.999999999999999,0.4543910703237558,0.420303399429862,0.3725834426360516,0.2813801619898849,0.9633593483353001
17940.0,2.999999999999999,0.4573014499555781,0.4314441601747584,0.3854594901221565,0.2819863916956855,0.9633593483353001
17970.0,2.999999999999999,0.459169169420188,0.4400411622427266,0.39869414717675894,0.28640905464019406,0.9633593483353001
18000.0,2.999999999999999,0.46002452156711576,0.44624300115669524,0.4111823739021291,0.29352514354906073,0.9633593483353001
18030.0,2.999999999999999,0.4609171167067948,0.45088075364250246,0.4220520411702683,0.30229189539433077,0.9633593483353001
18060.0,2.999999999999999,0.4611446003191618,0.4540497598901687,0.4312479308200778,0.311008651538254,0.9633593483353001
18090.0,2.999999999999999,0.4616362639946815,0.4560991179799107,0.43836463146799026,0.3200282163936153,0.9633593483353001
18120.0,2.999999999999999,0.46195193697585035,0.45798442633345376,0.4440867047122575,0.3277292075702483,0.9633593483353001
18150.0,2.999999999999999,0.46215461501777555,0.4593420239786228,0.4486178043192119,0.3345191910380252,0.9633593483353001
18180.0,2.999999999999999,0.4581158665154946,0.4612457360253863,0.45152265034439715,0.3397135519787683,0.9232098938575317
18210.0,2.999999999999999,0.45539479481647555,0.4606235591901275,0.4551862448156836,0.3439190786297039,0.9232098938575317
18240.0,2.999999999999999,0.453992895740662,0.45918799963833634,0.45757805247365585,0.3477382415132758,0.9232098938575317
18270.0,2.999999999999999,0.45275280898796616,0.4573745380228697,0.45871417901806266,0.3510223462383995,0.9232098938575317
18300.0,2.999999999999999,0.4522966070290542,0.4558643133037433,0.4587008879100337,0.353308076909598,0.9232098938575317
18330.0,2.999999999999999,0.4520031271465449,0.45433864426936943,0.4578146174744603,0.3550829595828536,0.9232098938575317
18360.0,2.999999999999999,0.4518134372450225,0.4532233044868872,0.45657536963967843,0.35563033101083663,0.9232098938575317
18390.0,2.999999999999999,0.45169113280185413,0.45275907584283603,0.45552055766979205,0.3554697681186287,0.9232098938575317
18420.0,2.999999999999999,0.45161227580051305,0.45240404169322945,0.45464398166807946,0.35521611708335,0.9232098938575317
18450.0,2.999999999999999,0.4112562117594785,0.4648228247787118,0.45000265870406103,0.3557640179164054,0.5310427712800326
18480.0,2.999999999999999,0.3853113836713037,0.4553541458247569,0.4582587891455331,0.3513538782475442,0.5310427712800326
18510.0,2.999999999999999,0.36835848228203416,0.43661508433405205,0.4627476063933983,0.3518784764445548,0.5310427712800326
18540.0,2.999999999999999,0.35712848533493785,0.41703832010956554,0.4594535224582025,0.3557048445826793,0.5310427712800326
18570.0,2.999999999999999,0.34962458210633557,0.3992548770946443,0.45003390362186857,0.3587545742819935,0.5310427712800326
18600.0,2.999999999999999,0.34459164078017746,0.3843025180065766,0.4373011271109271,0.35882986280408635,0.5310427712800326
18630.0,2.999999999999999,0.3411893663693924,0.37223588510349337,0.42302885904529347,0.35503270793568825,0.5310427712800326
18660.0,2.999999999999999,0.33890293691213924,0.3627689570967335,0.40884163569849674,0.3486529177154163,0.5310427712800326
18690.0,2.999999999999999,0.33712414479345487,0.3553126454853551,0.39575741891176064,0.3402098606521671,0.5310427712800326
18720.0,2.999999999999999,0.33615600372602916,0.34969246112037516,0.3840676937059171,0.33089926367508715,0.5310427712800326
18750.0,2.999999999999999,0.3355003250727702,0.34550635585968215,0.37403122252002613,0.3214644274112194,0.5310427712800326
18780.0,2.999999999999999,0.33481601119623616,0.341989932478152,0.3655221041107038,0.3125051482897136,0.5310427712800326
18810.0,2.999999999999999,0.33459280805188,0.33949425076310685,0.3583943055103043,0.3042943075872129,0.5310427712800326
18840.0,2.999999999999999,0.3002692368010779,0.3493429060721229,0.34876012026317194,0.29808985159124735,0.2585230887749981
18870.0,2.999999999999999,0.2800974618030941,0.34267403126238183,0.3513792380688344,0.28806825617487103,0.2585230887749981
18900.0,2.999999999999999,0.2660620014482066,0.32898587201459745,0.3529632314108063,0.28248630880946085,0.2585230887749981
18930.0,2.999999999999999,0.2561977008941329,0.3136699403879401,0.3506727361196621,0.2811408418723626,0.2585230887749981
18960.0,2.999999999999999,0.24915264233358397,0.29908695300925137,0.3441715454666421,0.2811995735400966,0.2585230887749981
18990.0,2.999999999999999,0.24377714445806156,0.2859891094514866,0.3347851981123842,0.28035118666971187,0.2585230887749981
19020.0,2.999999999999999,0.24024764783060323,0.27499361071329265,0.3237169062249993,0.27768520319835116,0.2585230887749981
19050.0,2.999999999999999,0.23770132389026857,0.2659715513974861,0.31222486435373287,0.2729640724397617,0.2585230887749981
19080.0,2.999999999999999,0.23587730050510905,0.2581968590014675,0.3005087965650045,0.266607954900769,0.2585230887749981
19110.0,2.999999999999999,0.23424451188257686,0.2521736721714495,0.29012997416358854,0.2591239937875623,0.2585230887749981
19140.0,2.999999999999999,0.23339899877869905,0.24710790667212723,0.28050171781377903,0.2513248531916738,0.2585230887749981
19170.0,2.999999999999999,0.23277462778963698,0.24351448533438252,0.27218323769933667,0.2430561902531263,0.2585230887749981
19200.0,2.999999999999999,0.23232129343333235,0.24032387262752367,0.26472988456775404,0.23556856127268705,0.2585230887749981
19230.0,2.999999999999999,0.23199214290871428,0.23821167736501078,0.258168403057531,0.2279346295656755,0.2585230887749981
19260.0,2.999999999999999,0.23175315800419583,0.2362422647787578,0.25290944277194777,0.22146392738395207,0.2585230887749981
19290.0,2.999999999999999,0.2315796392633281,0.23507238285039644,0.24830684073032058,0.21509224048682202,0.2585230887749981
19320.0,2.999999999999999,0.2654457791651639,0.21902494616424067,0.25058424932548595,0.20781025832569244,0.5724069838016697
19350.0,2.999999999999999,0.29200899235159256,0.22612168863020884,0.2395828634136563,0.20807263579276813,0.5724069838016697
19380.0,2.999999999999999,0.309963234847848,0.23958491657629935,0.23031556634803538,0.20584882665611545,0.5724069838016697
19410.0,2.999999999999999,0.3221443629571745,0.2561305416116047,0.22641946704482988,0.19967274642359478,0.5724069838016697
19440.0,2.999999999999999,0.33039752276424716,0.27342967014628156,0.22896986637307404,0.19188273974267597,0.5724069838016697
19470.0,2.999999999999999,0.33603039284987923,0.28930822473737977,0.2361575359011785,0.18547234241037525,0.5724069838016697
19500.0,2.999999999999999,0.33980375447894473,0.3027572675006045,0.24676914718945062,0.18161282271073673,0.5724069838016697
19530.0,2.999999999999999,0.3423592835794542,0.31375397665127497,0.2597109546049961,0.18186077461486652,0.5724069838016697
19560.0,2.999999999999999,0.34408693041153954,0.32234102097194434,0.27311326650432083,0.18517861204757027,0.5724069838016697
19590.0,2.999999999999999,0.344995986239494,0.32881351984506013,0.2861119202718125,0.1919312496832113,0.5724069838016697
19620.0,2.999999999999999,0.345851095146554,0.3338005491131922,0.29782513723294535,0.20064987881301335,0.5724069838016697
19650.0,2.999999999999999,0.3464257537302542,0.3375215423301195,0.30794919319804026,0.21033100237246516,0.5724069838016697
19680.0,2.999999999999999,0.3468119413668159,0.3400559441976752,0.3162749206941832,0.22023243994400268,0.5724069838016697
19710.0,2.999999999999999,0.34707147092900026,0.3421814092565675,0.32319135026354606,0.22917045412546114,0.5724069838016697
19740.0,2.999999999999999,0.2864433349792532,0.3630115088030619,0.32223725900896083,0.23960552391411052,0.13460593039973165
19770.0,2.999999999999999,0.2540429414305539,0.35597602891265956,0.3380851458786956,0.24097611125817797,0.13460593039973165
19800.0,2.999999999999999,0.2313865398568709,0.3359253651215854,0.35074116265491223,0.2469157532498853,0.13460593039973165
19830.0,2.999999999999999,0.21510934987690689,0.3124002496470652,0.35446751339448224,0.25697892618351104,0.13460593039973165
19860.0,2.999999999999999,0.20320738505525787,0.289610534229769,0.3496727020564217,0.26755670292134764,0.13460593039973165
19890.0,2.999999999999999,0.1943893978443082,0.26913978153240375,0.3385133052493012,0.2744358058924,0.13460593039973165
19920.0,2.999999999999999,0.1878066119969672,0.2515278938576513,0.32424951605237057,0.27656668320329925,0.13460593039973165
19950.0,2.999999999999999,0.18264870753995827,0.23648410805726847,0.30848159712349654,0.27413374906225835,0.13460593039973165
19980.0,2.999999999999999,0.17893065120565607,0.22391199307519088,0.29244280658200283,0.26815203706584023,0.13460593039973165
20010.0,2.999999999999999,0.226840522242961,0.17678363179426207,0.28868611341316774,0.2560833498842996,0.6695041378059761
20040.0,2.999999999999999,0.27943183963492607,0.19035229692779312,0.26002713686153506,0.2543671351141385,0.6695041378059761
20070.0,2.999999999999999,0.31228087555474787,0.20657142005419704,0.23267111836565585,0.2473073625795864,0.6695041378059761
20100.0,2.999999999999999,0.33415206529827957,0.22944629994959045,0.21657331855703452,0.2328004180746272,0.6695041378059761
20130.0,2.999999999999999,0.3487316997669568,0.25609881924857764,0.21220241954061092,0.2145611403755245,0.6695041378059761
20160.0,2.999999999999999,0.3585329703974085,0.2817328688743469,0.21672931718746108,0.1969617221743423,0.6695041378059761
20190.0,2.999999999999999,0.3650624463951953,0.3041148775248773,0.22819717943030055,0.183804267734951,0.6695041378059761
20220.0,2.999999999999999,0.36941900693924773,0.3224520008195666,0.2443640546856268,0.17669781453201586,0.6695041378059761
20250.0,2.999999999999999,0.3723163869858688,0.33687073949727236,0.2630647661284465,0.1760110388693588,0.6695041378059761
20280.0,2.999999999999999,0.3742504421690374,0.34797281803061375,0.2822376985134727,0.18033432434833155,0.6695041378059761
20310.0,2.999999999999999,0.27336199983281356,0.38599890145697446,0.29055370204478875,0.19288607686401896,0.03128370515236501
20340.0,2.999999999999999,0.22635846114317137,0.38162760975657795,0.3228701282134124,0.19630116050051852,0.03128370515236501
20370.0,2.999999999999999,0.1938069470296179,0.355615285326149,0.3509188965887857,0.20896440852613793,0.03128370515236501
20400.0,2.999999999999999,0.17030854596508466,0.3234427958085961,0.3642098099074493,0.23054558952945856,0.03128370515236501
20430.0,2.999999999999999,0.15270564591531835,0.2916029971743811,0.3632671805207474,0.25337174947901636,0.03128370515236501
20460.0,2.999999999999999,0.13929984508233903,0.2627569599346156,0.35224127943802563,0.2705194528697401,0.03128370515236501
20490.0,2.999999999999999,0.1287844753203488,0.23746871758996038,0.3352378479234942,0.2795656078266733,0.03128370515236501
20520.0,2.999999999999999,0.2527737285296536,0.15662967081957496,0.32846984966550485,0.276931892535737,1.1225555474378457
20550.0,2.999999999999999,0.3600348539863949,0.20429844346374626,0.2839164787210255,0.28273381391263264,1.1225555474378457
20580.0,2.999999999999999,0.41253538362522174,0.23592465418435044,0.2448012601813152,0.27701824089640137,1.1225555474378457
20610.0,2.999999999999999,0.44590526212204495,0.2811014910847798,0.22919290425170602,0.25644703038532557,1.1225555474378457
20640.0,2.999999999999999,0.46739117676663366,0.32954608631336735,0.23243819450057823,0.22926200117460094,1.1225555474378457
20670.0,2.999999999999999,0.48119274945838353,0.3729482012012681,0.24942808090405083,0.20611780577311228,1.1225555474378457
20700.0,2.999999999999999,0.49002711956015055,0.4082460121509515,0.27705027147190237,0.19291040509762494,1.1225555474378457
20730.0,2.999999999999999,0.4956754857541801,0.4355913272365474,0.3111663848983619,0.1913777420955608,1.1225555474378457
20760.0,2.999999999999999,0.49889694017846753,0.45578247677214423,0.34674765974360144,0.20000493660495333,1.1225555474378457
20790.0,2.999999999999999,0.5009432338754274,0.470324290918586,0.37978789361479987,0.21768559064674012,1.1225555474378457
20820.0,2.999999999999999,0.5022430560497374,0.4806243827051549,0.40833594794554995,0.2413343966733821,1.1225555474378457
20850.0,2.999999999999999,0.5034526990149113,0.48810247107851634,0.4316662241231301,0.26687227930644786,1.1225555474378457
20880.0,2.999999999999999,0.5038336825501977,0.49281879648033694,0.45004092068558366,0.2914908326304581,1.1225555474378457
20910.0,2.999999999999999,0.5044616738180057,0.49664266594488127,0.4642662210560673,0.31318807440034513,1.1225555474378457
20940.0,2.999999999999999,0.5048595455278749,0.49937428962048075,0.4751287309541913,0.3312445445202299,1.1225555474378457
20970.0,2.999999999999999,0.4976812987666806,0.5029743587905481,0.4824494401628659,0.345990644341134,1.045215969252368
21000.0,2.999999999999999,0.49260741262320956,0.5021924655268213,0.48977658611319913,0.35639318574778694,1.045215969252368
21030.0,2.999999999999999,0.48977522613448293,0.49955934679235164,0.4950862810779627,0.36520884202253373,1.045215969252368
21060.0,2.999999999999999,0.48797313178876855,0.4961569402176374,0.4973550703601583,0.372637786247126,1.045215969252368
21090.0,2.999999999999999,0.4864537902935914,0.49326851119794757,0.4977940425340389,0.37774853540913833,1.045215969252368
21120.0,2.999999999999999,0.485859200321405,0.49059279826884294,0.49658138729892914,0.3813832947707359,1.045215969252368
21150.0,2.999999999999999,0.48548077288441854,0.4886112897603175,0.4946295504936241,0.38316860412653253,1.045215969252368
21180.0,2.999999999999999,0.4852399223289718,0.4871732205228152,0.4921248322247277,0.38302816565007036,1.045215969252368
21210.0,2.999999999999999,0.4850866327299909,0.48614556862997493,0.4898878658859689,0.3823079405534623,1.045215969252368
21240.0,2.999999999999999,0.48724564831360156,0.4851052386889337,0.4884694830992241,0.3809439968472942,1.0693411596009164
21270.0,2.999999999999999,0.4887192280663473,0.485069046705697,0.4868903225360789,0.37976413777485635,1.0693411596009164
21300.0,2.999999999999999,0.48928583358698713,0.4858527720822118,0.48561988988652977,0.3785536818493737,1.0693411596009164
21330.0,2.999999999999999,0.4900180469257455,0.4868789109779863,0.4850241132343671,0.3769773172741983,1.0693411596009164
21360.0,2.999999999999999,0.49048406490464747,0.4875091657524984,0.48513766516769,0.3760342294720743,1.0693411596009164
21390.0,2.999999999999999,0.4907806625561299,0.48813043137111767,0.4854411532695058,0.37579635721899457,1.0693411596009164
21420.0,2.999999999999999,0.49096943245524877,0.48866567078882356,0.4858855670872493,0.3757267109049514,1.0693411596009164
21450.0,2.999999999999999,0.4910895752636467,0.48946678340856625,0.4866534392909725,0.3757508468060331,1.0693411596009164
21480.0,2.999999999999999,0.5177942149038086,0.48213025535213394,0.4899135725591857,0.3753744319229019,1.3557143469682156
21510.0,2.999999999999999,0.5359516383312106,0.4897677797893669,0.4847854721368388,0.3779647415654766,1.3557143469682156
21540.0,2.999999999999999,0.5474954970251834,0.5032499546232517,0.48256200498497764,0.3777287600364194,1.3557143469682156
