time,tank1_depth,pipe1_depth,pipe2_depth,pipe3_depth,pipe4_depth,tank2_inflow,tank2_depth,pump1_flow,pump2_flow,tank_area,simulation_time,lateral_inflow
0.0,2.9016219414237283,3.0480000000000003e-05,3.0480000000000003e-05,3.0480000000000003e-05,3.0480000000000003e-05,0.0,0.0,0.0,0.0,200.0,61.0,0.06666666666666667
1.0,2.9999999999999996,0.04640952280481289,0.02167061924150265,0.017026355232287082,0.016499490063333004,0.0007367337526468629,0.00024731920008352177,0.18491465624216377,0.0,200.0,121.0,0.06666666666666667
2.0,2.9999999999999996,0.10375218327265857,0.04436863625915517,0.03355679211698966,0.0053060951617226815,9.599342523174007e-05,0.0003719471197783243,0.18491465624216377,0.0,200.0,181.0,0.06666666666666667
3.0,2.9999999999999996,0.15131532834686334,0.0747255443527961,0.05021559722830849,0.010784429491022,0.000479144674147207,0.00045637344029647424,0.18491465624216377,0.0,200.0,241.0,0.06666666666666667
4.0,2.9999999999999996,0.188273865241612,0.10719832506023594,0.06615222965682904,0.0199409517624042,0.0012562238735724027,0.000707328407132176,0.18491465624216377,0.0,200.0,301.0,0.06666666666666667
5.0,2.9999999999999996,0.2156315221602867,0.14109470877207325,0.08517379089401737,0.030719943379363582,0.0029362970272765947,0.0012969006871124725,0.18491465624216377,0.0,200.0,361.0,0.06666666666666667
6.0,2.9999999999999996,0.23351839428724572,0.17397117845138163,0.10710780511637263,0.04299418383195676,0.005970093716832703,0.002552546744871396,0.18491465624216377,0.0,200.0,421.0,0.06666666666666667
7.0,2.9999999999999996,0.24508746875802562,0.20369374860208864,0.1318127410883902,0.058626900233135694,0.011316310067761315,0.005003930801095527,0.18491465624216377,0.0,200.0,481.0,0.06666666666666667
8.0,2.9999999999999996,0.2525771704721358,0.2301268586913131,0.15800589937877527,0.07814166226531474,0.019986390270974444,0.009251302845929649,0.18491465624216377,0.0,200.0,541.0,0.06666666666666667
9.0,2.9999999999999996,0.25669656845203326,0.25095411001224455,0.18423289084210315,0.10061626225859963,0.03255552099218852,0.016508815624501967,0.18491465624216377,0.0,200.0,601.0,0.06666666666666667
10.0,2.9999999999999996,0.2587009967573118,0.26685966585105575,0.2092695967677515,0.12548948397909118,0.04940066208216859,0.028030617179452048,0.18491465624216377,0.0,200.0,661.0,0.06666666666666667
11.0,2.9999999999999996,0.25954197884428787,0.2782301121687173,0.23192488989907023,0.1517093455238061,0.070228894946189,0.04511042678357252,0.18491465624216377,0.0,200.0,721.0,0.06666666666666667
12.0,2.9999999999999996,0.2599849487347582,0.28581791575157,0.25150570722969295,0.1777988981055079,0.09392260366841418,0.0688429043309336,0.18603055768697066,0.0,200.0,781.0,0.06666666666666667
13.0,2.9999999999999996,0.2603049264085461,0.29049064398798663,0.2677815629078513,0.2026903047080296,0.11889599828999656,0.09991674777848822,0.18603055768697066,0.0,200.0,841.0,0.06666666666666667
14.0,2.9999999999999996,0.260457684979838,0.2930461828442931,0.2808724292290202,0.22542033646790047,0.14342199486581902,0.13850857387543114,0.18603055768697066,0.0,200.0,901.0,0.06666666666666667
15.0,2.9999999999999996,0.2605316970750112,0.2941444155547315,0.29112224035842044,0.24530828015386924,0.16611216794798453,0.1842902101184889,0.18603055768697066,0.0,200.0,961.0,0.06666666666666667
16.0,2.9999999999999996,0.26056549039132165,0.2943122694155212,0.298939595350542,0.2622194984916024,0.1860685450353437,0.236587246182879,0.18603055768697066,0.0,200.0,1021.0,0.06666666666666667
17.0,2.9999999999999996,0.2605793882567011,0.2939344390816847,0.30474895072694463,0.27610846079361084,0.2027857950146616,0.29449902646773435,0.18603055768697066,0.0,200.0,1081.0,0.06666666666666667
18.0,2.9999999999999996,0.2605840462191881,0.2932836155775031,0.3089599509557032,0.28718362835967653,0.21626536887562858,0.3570366751077039,0.18603055768697066,0.0,200.0,1141.0,0.06666666666666667
19.0,2.9999999999999996,0.25383666900608187,0.2925350315169725,0.31192884814985905,0.29577239564386804,0.22675869069803015,0.42325171585009846,0.14108006196536035,0.0,200.0,1201.0,0.06666666666666667
20.0,2.9999999999999996,0.24335829000572295,0.28976703074188365,0.3139065267915387,0.30223164058790636,0.23467882809511928,0.49241785161122775,0.14108006196536035,0.0,200.0,1261.0,0.06666666666666667
21.0,2.9999999999999996,0.23575206002295185,0.2831079464744119,0.3143623983023072,0.3068495774300591,0.24042458418964494,0.5635540932465624,0.14108006196536035,0.0,200.0,1321.0,0.06666666666666667
22.0,2.9999999999999996,0.23056074366503826,0.2767707058445923,0.3129357707904264,0.31005148023944223,0.24440232360610709,0.6361986343029138,0.14108006196536035,0.0,200.0,1381.0,0.06666666666666667
23.0,2.9999999999999996,0.22730299271656765,0.2705167145618714,0.3100980120890333,0.3116794172833107,0.24651462079348677,0.7098124787559769,0.14108006196536035,0.0,200.0,1441.0,0.06666666666666667
24.0,2.9999999999999996,0.22528138078518578,0.2650700264952362,0.3063774990983302,0.31170187068704164,0.24674724876099624,0.753834594937462,0.14108006196536035,0.2,200.0,1501.0,0.06666666666666667
25.0,2.9999999999999996,0.2240249049939485,0.2607879582991937,0.3023257728048837,0.3102153847741134,0.2451959153329903,0.7677103446318014,0.14108006196536035,0.2,200.0,1561.0,0.06666666666666667
26.0,2.9999999999999996,0.22324372508329302,0.2576068536839991,0.29835662685898073,0.3075435766890962,0.2422096721236822,0.7809377318024849,0.14108006196536035,0.2,200.0,1621.0,0.06666666666666667
27.0,2.9999999999999996,0.22559036586498613,0.255316800522108,0.2947273888280954,0.304150865727778,0.23833640476593934,0.7931475726772593,0.15985655284562705,0.2,200.0,1681.0,0.06666666666666667
28.0,2.9999999999999996,0.2301139145696236,0.2545181762565802,0.29158060947065606,0.30050715687796475,0.2340914414835282,0.8041393894029185,0.15985655284562705,0.2,200.0,1741.0,0.06666666666666667
29.0,2.9999999999999996,0.2333086352662448,0.2553972947267658,0.28916774188187705,0.2969401948580196,0.22986031779785165,0.8138515023772684,0.15985655284562705,0.2,200.0,1801.0,0.06666666666666667
30.0,2.9999999999999996,0.23547442939216112,0.25711352561550455,0.2877277034484125,0.2937092972611714,0.22601152002076794,0.8223313204234245,0.15985655284562705,0.2,200.0,1861.0,0.06666666666666667
31.0,2.9999999999999996,0.2368217289173823,0.25911387282303716,0.2872127800164222,0.2910935938878107,0.22286048535849573,0.8297345986489515,0.15985655284562705,0.2,200.0,1921.0,0.06666666666666667
32.0,2.9999999999999996,0.23759925271324803,0.26101228840435,0.2874044255494197,0.28925306801963346,0.22057671194569226,0.8362951916384685,0.15985655284562705,0.2,200.0,1981.0,0.06666666666666667
33.0,2.9999999999999996,0.23801402875299782,0.26260658834028644,0.28804792826640546,0.28820052352033587,0.21923240633240532,0.8422822349311978,0.15985655284562705,0.2,200.0,2041.0,0.06666666666666667
34.0,2.9999999999999996,0.23821617963078498,0.26383589580533817,0.2889138442915238,0.2878783708305746,0.21875571122307846,0.8479736951140396,0.15985655284562705,0.2,200.0,2101.0,0.06666666666666667
35.0,2.9999999999999996,0.2383035399345537,0.26476030466632905,0.2898480003575543,0.28808160255444015,0.21892136630757802,0.8536053686354723,0.15985655284562705,0.2,200.0,2161.0,0.06666666666666667
36.0,2.9999999999999996,0.23833430177641288,0.26543140429365786,0.2907470273244953,0.2886124302586152,0.21950216860238686,0.8593422137988189,0.15985655284562705,0.2,200.0,2221.0,0.06666666666666667
37.0,2.9999999999999996,0.23834022295538707,0.26589297804333717,0.29155037560544717,0.289324831990867,0.22032159267560472,0.8652862353855623,0.15985655284562705,0.2,200.0,2281.0,0.06666666666666667
38.0,2.9999999999999996,0.23833713343249519,0.2661942396278418,0.292232651813863,0.29010911305938314,0.2212357141110983,0.8714909649734802,0.15985655284562705,0.2,200.0,2341.0,0.06666666666666667
39.0,2.9999999999999996,0.23833219131586592,0.2663785318515008,0.29279134644011906,0.29088155978243835,0.22214300789436955,0.8779712884569085,0.15985655284562705,0.2,200.0,2401.0,0.06666666666666667
40.0,2.9999999999999996,0.23832798189827528,0.2664814827741886,0.29323602198396453,0.2915930887023689,0.22298803539414808,0.8847172698771822,0.15985655284562705,0.2,200.0,2461.0,0.06666666666666667
41.0,2.9999999999999996,0.23832507328468863,0.26653047743205205,0.293580808379166,0.29222177934488824,0.22373959744222788,0.8917061560203915,0.15985655284562705,0.2,200.0,2521.0,0.06666666666666667
42.0,2.9999999999999996,0.23832323036635608,0.2665455915295116,0.2938419314004991,0.29275540917106874,0.2243817697266386,0.8989075858514373,0.15985655284562705,0.2,200.0,2581.0,0.06666666666666667
43.0,2.9999999999999996,0.23832208853355763,0.26654083730643807,0.2940353202630905,0.2931934392915865,0.2249121327175953,0.9062881354341851,0.15985655284562705,0.2,200.0,2641.0,0.06666666666666667
44.0,2.9999999999999996,0.21796280688512296,0.2646606949079331,0.294175409863736,0.29354281277702454,0.22533751281816866,0.9138235105723117,0.008860025644775817,0.2,200.0,2701.0,0.06666666666666667
45.0,2.9999999999999996,0.18224433695038492,0.25542240113879316,0.293465590454824,0.2937885441207008,0.22563966874814032,0.9214688793496162,0.008860025644775817,0.2,200.0,2761.0,0.06666666666666667
46.0,2.9999999999999996,0.15333156946141627,0.24005759822256512,0.28938288984115373,0.2936613586517244,0.22550759392778963,0.9291554813668418,0.008860025644775817,0.2,200.0,2821.0,0.06666666666666667
47.0,2.9999999999999996,0.1300860139164293,0.2234485545597878,0.2831215419498527,0.2924938065508442,0.22418323667495493,0.9366794169802738,0.008860025644775817,0.2,200.0,2881.0,0.06666666666666667
48.0,2.9999999999999996,0.11292147455368035,0.20587058630646746,0.27423471741122235,0.2895837045599161,0.22085533453738324,0.9435812600662887,0.008860025644775817,0.2,200.0,2941.0,0.06666666666666667
49.0,2.9999999999999996,0.10031379700563847,0.1893433031403749,0.26356864753293574,0.2844786345293261,0.21496683925070048,0.9491860737398221,0.008860025644775817,0.2,200.0,3001.0,0.06666666666666667
50.0,2.9999999999999996,0.09090542477043236,0.1748194348221279,0.2521107943745153,0.27717869522860095,0.20648293738026735,0.9527103492954752,0.008860025644775817,0.2,200.0,3061.0,0.06666666666666667
51.0,2.9999999999999996,0.0837570225765529,0.1625486881626302,0.24069926165206856,0.268102834017078,0.19583353524020733,0.9534169611836734,0.008860025644775817,0.2,200.0,3121.0,0.06666666666666667
52.0,2.9999999999999996,0.07824138575347922,0.15239977361636103,0.2299054116845406,0.2579334926116076,0.1839012351382874,0.9507523696901318,0.008860025644775817,0.2,200.0,3181.0,0.06666666666666667
53.0,2.9999999999999996,0.0739256689985865,0.14409036875831083,0.22002816589145383,0.24742984459180992,0.1715273239108204,0.9444409234562907,0.008860025644775817,0.2,200.0,3241.0,0.06666666666666667
54.0,2.9999999999999996,0.07050685975116747,0.1373338781198089,0.21121235593412988,0.23707668902448892,0.15941666131935883,0.9344350256934177,0.008860025644775817,0.2,200.0,3301.0,0.06666666666666667
55.0,2.9999999999999996,0.06776660061307747,0.13184568145092074,0.20347516011562314,0.2272811048748748,0.148068298591,0.9208809682507058,0.008860025644775817,0.2,200.0,3361.0,0.06666666666666667
56.0,2.9999999999999996,0.06555585726555435,0.1273808499010443,0.19675862825642967,0.21828182320962342,0.1378128002223416,0.9040489168090728,0.008860025644775817,0.2,200.0,3421.0,0.06666666666666667
57.0,2.9999999999999996,0.07141526789727723,0.12374149128618755,0.1909692352818691,0.21021526383718991,0.12876450641738474,0.8842875029682038,0.04212530961872905,0.2,200.0,3481.0,0.06666666666666667
58.0,2.9999999999999996,0.0820882653217079,0.12179552384945885,0.18601565905060333,0.20304274893365964,0.12082066093813233,0.8618382958284769,0.04212530961872905,0.2,200.0,3541.0,0.06666666666666667
59.0,2.9999999999999996,0.09072505956615576,0.12273849981895565,0.18198351885186878,0.19672279978764207,0.1139556203910592,0.8372476300552956,0.04212530961872905,0.2,200.0,3601.0,0.06666666666666667
60.0,2.9999999999999996,0.09744444817110555,0.1249943606620824,0.17893111397834074,0.19123112915668358,0.10810775259732683,0.8107195951975652,0.04212530961872905,0.2,200.0,3661.0,0.06666666666666667
61.0,2.9999999999999996,0.10279219844972858,0.12817860455999047,0.17689849786237635,0.1866003250732421,0.10326668466173002,0.7825584215894454,0.04212530961872905,0.2,200.0,3721.0,0.06666666666666667
62.0,2.9999999999999996,0.10694434817993884,0.13180062644545024,0.17582087022628193,0.18287625369085495,0.09942073555438526,0.7530649861396346,0.04212530961872905,0.2,200.0,3781.0,0.06666666666666667
63.0,2.9999999999999996,0.11008891395647412,0.1354971934192097,0.1755794288970368,0.18005571096713838,0.0965307095777389,0.7225321876840705,0.04212530961872905,0.2,200.0,3841.0,0.06666666666666667
64.0,2.9999999999999996,0.11241595272287201,0.13901081338304114,0.1760174582179409,0.17814285663059626,0.09456406761116601,0.6912429801293747,0.04212530961872905,0.2,200.0,3901.0,0.06666666666666667
65.0,2.9999999999999996,0.11409512747009964,0.1421860777178457,0.17696359363473213,0.17706173847806575,0.09344789033647535,0.6594661829279306,0.04212530961872905,0.2,200.0,3961.0,0.06666666666666667
66.0,2.9999999999999996,0.11528048083276028,0.14493781943352513,0.1782487471478968,0.1767255849204574,0.09307876414548333,0.6274449723722411,0.04212530961872905,0.2,200.0,4021.0,0.06666666666666667
67.0,2.9999999999999996,0.11610080470172698,0.14726837151774996,0.1797301427120239,0.1769950133641706,0.09331047151719139,0.5953871762863208,0.04212530961872905,0.2,200.0,4081.0,0.06666666666666667
68.0,2.9999999999999996,0.11665523515633683,0.14921662970342892,0.18129822354476202,0.17770078449040805,0.09397977999242065,0.5634540002066606,0.04212530961872905,0.2,200.0,4141.0,0.06666666666666667
69.0,2.9999999999999996,0.11702166136131427,0.15079528140328566,0.18285537883517158,0.17871790137221302,0.09496703472424428,0.5317616614780153,0.04212530961872905,0.2,200.0,4201.0,0.06666666666666667
70.0,2.9999999999999996,0.13643457517017202,0.15204093402267568,0.18433315200666653,0.17993028147697346,0.09616424263527788,0.500424257243228,0.16362550444458285,0.2,200.0,4261.0,0.06666666666666667
71.0,2.9999999999999996,0.168234625724892,0.15959251163067226,0.1858403595290183,0.1812618802477818,0.09748683911089821,0.46946986627401727,0.16362550444458285,0.2,200.0,4321.0,0.06666666666666667
72.0,2.9999999999999996,0.19296808359736053,0.17176744417033327,0.18876122717288119,0.18270941165917523,0.09894129028259142,0.4389251992502592,0.16362550444458285,0.2,200.0,4381.0,0.06666666666666667
73.0,2.9999999999999996,0.211390717892273,0.18780053027300928,0.1935826624851143,0.18455285812495315,0.10080319248182164,0.40885661596923556,0.16362550444458285,0.2,200.0,4441.0,0.06666666666666667
74.0,2.9999999999999996,0.2243502703879469,0.20444587064924333,0.20101458891610172,0.187226627426609,0.10351193312783917,0.379404306643984,0.16362550444458285,0.2,200.0,4501.0,0.06666666666666667
75.0,2.9999999999999996,0.2323167333422006,0.22028450666125052,0.21065105637419781,0.19115708878173207,0.1075572049519659,0.3509082086784614,0.16362550444458285,0.2,200.0,4561.0,0.06666666666666667
76.0,2.9999999999999996,0.23701481427156748,0.23426541371891296,0.22188894927218714,0.19686801334117884,0.11348815830747751,0.3238381659791671,0.16362550444458285,0.2,200.0,4621.0,0.06666666666666667
77.0,2.9999999999999996,0.23958208794103694,0.24579663893974033,0.23373736566032685,0.20445100500639168,0.12150386128312793,0.2987915803887011,0.16362550444458285,0.2,200.0,4681.0,0.06666666666666667
78.0,2.9999999999999996,0.24086008408682544,0.254734887126588,0.2453170299310883,0.2136657587154404,0.13138019424438296,0.2763800101828775,0.16362550444458285,0.2,200.0,4741.0,0.06666666666666667
79.0,2.9999999999999996,0.24142485903591251,0.261270525989687,0.2559716929984154,0.22392732668023416,0.14269830632776795,0.25711129545414785,0.16362550444458285,0.2,200.0,4801.0,0.06666666666666667
80.0,2.9999999999999996,0.24162920027720697,0.26578286026664794,0.2653008574585898,0.23468654949186787,0.15482737513582823,0.2413556576463423,0.16362550444458285,0.2,200.0,4861.0,0.06666666666666667
81.0,2.9999999999999996,0.24167261784570288,0.2686948956123308,0.2731439967202455,0.2452922039894041,0.16705566685347847,0.22927040502250975,0.16362550444458285,0.2,200.0,4921.0,0.06666666666666667
82.0,2.9999999999999996,0.2435416669437116,0.27043349171058434,0.2795166244337672,0.2552177894962988,0.17863124997095794,0.22079859602511662,0.1761878880085119,0.2,200.0,4981.0,0.06666666666666667
83.0,2.9999999999999996,0.24673663318733055,0.2718718447331498,0.28456816164983495,0.26403219150207047,0.18916089969093738,0.21568054244221763,0.1761878880085119,0.2,200.0,5041.0,0.06666666666666667
84.0,2.9999999999999996,0.2489487231197478,0.2735828698240325,0.2886181789881134,0.27168301638651826,0.19835100683353718,0.21357111729386147,0.1761878880085119,0.2,200.0,5101.0,0.06666666666666667
85.0,2.9999999999999996,0.25042315119095737,0.2752876380648369,0.2920524316406405,0.278083894176959,0.20612390883373624,0.2140485713122753,0.1761878880085119,0.2,200.0,5161.0,0.06666666666666667
86.0,2.9999999999999996,0.25131945414323437,0.2768394924254525,0.29506293213729473,0.28340766018473623,0.2125936175324195,0.21669872281095623,0.1761878880085119,0.2,200.0,5221.0,0.06666666666666667
87.0,2.9999999999999996,0.25181863957398415,0.2781306130895328,0.29771755804822764,0.2878282137882973,0.21800383322796066,0.22115432621364128,0.1761878880085119,0.2,200.0,5281.0,0.06666666666666667
88.0,2.9999999999999996,0.2520733048314069,0.2791201592293574,0.3000127189399367,0.2915732775368951,0.22253167392657724,0.22712418063848144,0.1761878880085119,0.2,200.0,5341.0,0.06666666666666667
89.0,2.9999999999999996,0.25219137715369766,0.2798211905369517,0.3019526012326165,0.29473395658014734,0.22636735567538832,0.23436254962650488,0.1761878880085119,0.2,200.0,5401.0,0.06666666666666667
90.0,2.9999999999999996,0.2522386355204585,0.28027863834056554,0.3035455675287723,0.29744484245051916,0.22965422081687223,0.24268237538259818,0.1761878880085119,0.2,200.0,5461.0,0.06666666666666667
91.0,2.9999999999999996,0.2522525548119321,0.2805469909161138,0.3048166211549221,0.2997514227301185,0.23244650150940085,0.25192766144614126,0.1761878880085119,0.2,200.0,5521.0,0.06666666666666667
92.0,2.9999999999999996,0.2522528723241428,0.2806794576154602,0.3058053544089726,0.3016761397962022,0.23476720703394321,0.2619531039511285,0.1761878880085119,0.2,200.0,5581.0,0.06666666666666667
93.0,2.9999999999999996,0.23871156446180125,0.2807212121943775,0.30655868694126587,0.3032480115331769,0.2366731238939205,0.2726565763954467,0.0777629451295001,0.2,200.0,5641.0,0.06666666666666667
94.0,2.9999999999999996,0.21605711990230633,0.27505243541656527,0.3068148610693428,0.30450393579215623,0.23820353181399953,0.2838822384642701,0.0777629451295001,0.2,200.0,5701.0,0.06666666666666667
95.0,2.9999999999999996,0.19820766928484096,0.26292314915665216,0.3049583889261962,0.305377259824152,0.23927938147916994,0.295481791412231,0.0777629451295001,0.2,200.0,5761.0,0.06666666666666667
96.0,2.9999999999999996,0.18559031029937506,0.25121672079741886,0.300447042266668,0.30553224969446274,0.23951383077084806,0.3073153273058965,0.0777629451295001,0.2,200.0,5821.0,0.06666666666666667
97.0,2.9999999999999996,0.17726487318633163,0.23911461956543542,0.29398217265144283,0.30423483497058385,0.23810158850981944,0.3190387213123392,0.0777629451295001,0.2,200.0,5881.0,0.06666666666666667
98.0,2.9999999999999996,0.17182560979510614,0.22823388902214972,0.2861903910938728,0.3010372009498231,0.23451857213645813,0.330086764327082,0.0777629451295001,0.2,200.0,5941.0,0.06666666666666667
99.0,2.9999999999999996,0.16823758797987207,0.2192522901890527,0.27785905020766866,0.2959583527990728,0.22869872592157728,0.3397889758172584,0.0777629451295001,0.2,200.0,6001.0,0.06666666666666667
100.0,2.9999999999999996,0.16584855922936112,0.21222718085742331,0.2696824167446201,0.2893700066483257,0.22104583782416926,0.34751208633254754,0.0777629451295001,0.2,200.0,6061.0,0.06666666666666667
101.0,2.9999999999999996,0.164246393066621,0.2069048669728608,0.26212140945309104,0.2818984106705992,0.21227223693707395,0.3527867397184414,0.0777629451295001,0.2,200.0,6121.0,0.06666666666666667
102.0,2.9999999999999996,0.16316450414896821,0.2029587495582685,0.2554178877705534,0.27418061062504706,0.2031284660924163,0.3553687279653715,0.0777629451295001,0.2,200.0,6181.0,0.06666666666666667
103.0,2.9999999999999996,0.16155330571555576,0.20007811254317978,0.24965134765493643,0.2667119352938042,0.19417180620686733,0.3552199510082901,0.0722898908002812,0.2,200.0,6241.0,0.06666666666666667
104.0,2.9999999999999996,0.15951957935890432,0.1977811265931083,0.24480122103105334,0.25980139192614177,0.18590527258263173,0.3524558695022051,0.0722898908002812,0.2,200.0,6301.0,0.06666666666666667
105.0,2.9999999999999996,0.15806566977695652,0.19571502227109902,0.24073057003562895,0.2536919640618171,0.17860609269367655,0.3473252288901415,0.0722898908002812,0.2,200.0,6361.0,0.06666666666666667
106.0,2.9999999999999996,0.15706548074360005,0.19389456644268263,0.2372645491661495,0.24840875725713454,0.17225438795089928,0.3401229127407102,0.0722898908002812,0.2,200.0,6421.0,0.06666666666666667
107.0,2.9999999999999996,0.15637878855907955,0.19236957915899092,0.23429234570485688,0.24383623170878366,0.1668000882168571,0.33112370594443774,0.0722898908002812,0.2,200.0,6481.0,0.06666666666666667
108.0,2.9999999999999996,0.15590580336959733,0.19114398939735028,0.23174776656051083,0.23993823823124752,0.16216269848102427,0.3205894767966072,0.0722898908002812,0.2,200.0,6541.0,0.06666666666666667
109.0,2.9999999999999996,0.1555793397205022,0.19018832207988778,0.22958743265261852,0.2366004265004436,0.15822219901094667,0.3087511343746983,0.0722898908002812,0.2,200.0,6601.0,0.06666666666666667
110.0,2.9999999999999996,0.15702829728310694,0.18945944785612776,0.22777253349011628,0.233754694432954,0.15487847577026106,0.2958048231678742,0.08261880673325042,0.2,200.0,6661.0,0.06666666666666667
111.0,2.9999999999999996,0.15978241931413611,0.18931815234202132,0.22627143875703976,0.23132742933771835,0.15204674780894392,0.2819191194952944,0.08261880673325042,0.2,200.0,6721.0,0.06666666666666667
112.0,2.9999999999999996,0.16180337895821723,0.18995568818619227,0.2251352029063057,0.22927353961731656,0.149646017526563,0.26723780938867825,0.08261880673325042,0.2,200.0,6781.0,0.06666666666666667
113.0,2.9999999999999996,0.16328220113434863,0.19098270645149115,0.22444652920256314,0.22756712105492566,0.14765757122540438,0.25188575639132205,0.08261880673325042,0.2,200.0,6841.0,0.06666666666666667
114.0,2.9999999999999996,0.16430922442863513,0.19216475974501618,0.2241874125831957,0.2262360017745653,0.14610314627431917,0.23598879359201577,0.08261880673325042,0.2,200.0,6901.0,0.06666666666666667
115.0,2.9999999999999996,0.16499178341111154,0.1933259945750635,0.22427767321557363,0.2252961516136573,0.14500156701804423,0.2196794703277274,0.08261880673325042,0.2,200.0,6961.0,0.06666666666666667
116.0,2.9999999999999996,0.1654277786969886,0.19436045677984617,0.2246126784353641,0.2247471451786966,0.14434605756546645,0.20309332639211067,0.08261880673325042,0.2,200.0,7021.0,0.06666666666666667
117.0,2.9999999999999996,0.16569599495847642,0.1952206256925824,0.2250921454232308,0.22455286750293893,0.14409343930749474,0.18635992733090942,0.08261880673325042,0.2,200.0,7081.0,0.06666666666666667
118.0,2.9999999999999996,0.1736085739137075,0.19591229668376542,0.2256392215413063,0.22463444314204606,0.14415728352812374,0.16959060060933215,0.13131002036289105,0.2,200.0,7141.0,0.06666666666666667
119.0,2.9999999999999996,0.18628145190423787,0.19839227870407056,0.22624148561654917,0.22490463137239117,0.14444151162326377,0.1528756041474753,0.13131002036289105,0.2,200.0,7201.0,0.06666666666666667
120.0,2.9999999999999996,0.19605232520030175,0.20400666681780413,0.22737323729002043,0.22532177720572888,0.14489912119614787,0.13626114303178896,0.13131002036289105,0.2,200.0,7261.0,0.06666666666666667
121.0,2.9999999999999996,0.2027394794491477,0.2105404387732552,0.22955817248852164,0.225944247475463,0.14559805652987567,0.1198102667495329,0.13131002036289105,0.2,200.0,7321.0,0.06666666666666667
122.0,2.9999999999999996,0.2071836132119388,0.2172848612401705,0.23285964193788777,0.22699706957459723,0.14678165972972285,0.10362125141930117,0.13131002036289105,0.2,200.0,7381.0,0.06666666666666667
123.0,2.9999999999999996,0.20994741321436708,0.223551532420462,0.23703787820799316,0.22870997812881866,0.1487127553024463,0.08787071260369099,0.13131002036289105,0.2,200.0,7441.0,0.06666666666666667
124.0,2.9999999999999996,0.2115574037625876,0.22892525005261075,0.24170301380398207,0.23122035142955324,0.15152445261907668,0.10279935174913908,0.13131002036289105,0.0,200.0,7501.0,0.06666666666666667
125.0,2.9999999999999996,0.21243302075463866,0.23324101064429517,0.24645696040597154,0.23448960323596318,0.15521212098289947,0.14867302812944178,0.13131002036289105,0.0,200.0,7561.0,0.06666666666666667
126.0,2.9999999999999996,0.21287163287463934,0.23653106316052327,0.25098160953709153,0.23834937157841246,0.15960947410075338,0.195742602348701,0.13131002036289105,0.0,200.0,7621.0,0.06666666666666667
127.0,2.9999999999999996,0.21307259906797255,0.23890440951246955,0.2550535739601117,0.24255391062740125,0.16444062914973676,0.2441904249914548,0.13131002036289105,0.0,200.0,7681.0,0.06666666666666667
128.0,2.9999999999999996,0.21315208086309223,0.24052498296078198,0.25856503502365463,0.24683142650597442,0.16942464460965198,0.2941126476735307,0.13131002036289105,0.0,200.0,7741.0,0.06666666666666667
129.0,2.9999999999999996,0.21317420156981914,0.2415633688928469,0.26148412020788536,0.25096102707899265,0.17424416998721745,0.3455189867829885,0.13131002036289105,0.0,200.0,7801.0,0.06666666666666667
130.0,2.9999999999999996,0.21317253895006127,0.24217646446061875,0.26384438918662273,0.25472736617475017,0.17868976546965692,0.3983302483181279,0.13131002036289105,0.0,200.0,7861.0,0.06666666666666667
131.0,2.9999999999999996,0.21316336189947221,0.24249846959475174,0.2657055542463756,0.25805302367336785,0.182653696690642,0.4524194508788025,0.13131002036289105,0.0,200.0,7921.0,0.06666666666666667
132.0,2.9999999999999996,0.21315384853795832,0.24262692974627156,0.26713614918536177,0.2609002663733046,0.186074345846142,0.5076342151150631,0.13131002036289105,0.0,200.0,7981.0,0.06666666666666667
133.0,2.9999999999999996,0.21314642613053156,0.24263524604373995,0.26821046396698095,0.2632604126311821,0.18893384136763008,0.5638078119867601,0.13131002036289105,0.0,200.0,8041.0,0.06666666666666667
134.0,2.9999999999999996,0.20167328660975437,0.24257526079988956,0.2689981822212189,0.2651667918757517,0.19125915709318445,0.6208163629582256,0.04974407814449351,0.0,200.0,8101.0,0.06666666666666667
135.0,2.9999999999999996,0.18202496601043572,0.23797943112271738,0.26933662327154684,0.26664167222478613,0.19307686624286532,0.6784548782903841,0.04974407814449351,0.0,200.0,8161.0,0.06666666666666667
136.0,2.9999999999999996,0.16633023623890894,0.22814400991814177,0.2680657916633511,0.2676834668302164,0.19437129469642062,0.7365378531139554,0.04974407814449351,0.0,200.0,8221.0,0.06666666666666667
137.0,2.9999999999999996,0.15470360176759496,0.21855594193517544,0.26477176709719613,0.2680844666888285,0.19489034589605483,0.7649287105810979,0.04974407814449351,0.2,200.0,8281.0,0.06666666666666667
138.0,2.9999999999999996,0.1466658234276064,0.20844856000740877,0.25991189483251176,0.26732844484239615,0.19406055586959312,0.7633291900176302,0.04974407814449351,0.2,200.0,8341.0,0.06666666666666667
139.0,2.9999999999999996,0.1411398586892504,0.19910640843519897,0.2539391634023987,0.26508285747258215,0.19150074444464837,0.7612799823900016,0.04974407814449351,0.2,200.0,8401.0,0.06666666666666667
140.0,2.9999999999999996,0.1373030592852309,0.19112932261737664,0.24742237597102135,0.26134864264414154,0.1872107930307619,0.7582524048160929,0.04974407814449351,0.2,200.0,8461.0,0.06666666666666667
141.0,2.9999999999999996,0.13461256444245998,0.18464269541568248,0.24087907183514787,0.2564236204215362,0.18152323410213356,0.7537607268339154,0.04974407814449351,0.2,200.0,8521.0,0.06666666666666667
142.0,2.9999999999999996,0.13271090649584485,0.17952779132775984,0.2346727286748963,0.25073517316221344,0.17491442906411567,0.7474415790697568,0.04974407814449351,0.2,200.0,8581.0,0.06666666666666667
143.0,2.9999999999999996,0.13135605351841997,0.17557805742713373,0.2290253088773339,0.24470776357558915,0.16786656875250378,0.7390773435217755,0.04974407814449351,0.2,200.0,8641.0,0.06666666666666667
144.0,2.9999999999999996,0.13038459413929077,0.17256185492202228,0.2240380564020651,0.23870350991639608,0.16087010573517355,0.7285939582982374,0.04974407814449351,0.2,200.0,8701.0,0.06666666666666667
145.0,2.9999999999999996,0.12968585717291325,0.17027571546265838,0.21972445087737041,0.23303055483045185,0.15429727915947755,0.7160560590762545,0.04974407814449351,0.2,200.0,8761.0,0.06666666666666667
146.0,2.9999999999999996,0.14342783593080413,0.1685558247029096,0.21605165780895025,0.2278620767469964,0.14830551293444144,0.7014899383598687,0.14112035925783972,0.2,200.0,8821.0,0.06666666666666667
147.0,2.9999999999999996,0.16724077801914314,0.17234971433895807,0.21314346868488063,0.22327214590978087,0.1430224483883446,0.6852272088800803,0.14112035925783972,0.2,200.0,8881.0,0.06666666666666667
148.0,2.9999999999999996,0.1856594890171405,0.17996892927067792,0.21193599076627295,0.21933681823675316,0.13853358231307497,0.6675224345948538,0.14112035925783972,0.2,200.0,8941.0,0.06666666666666667
149.0,2.9999999999999996,0.19956984868960545,0.19084263282597183,0.21272245077003288,0.21631218453517015,0.13510042915855008,0.6486523095644189,0.14112035925783972,0.2,200.0,9001.0,0.06666666666666667
150.0,2.9999999999999996,0.2087870351527807,0.20239077082917678,0.21580674464505709,0.21447301804705632,0.13300541553492823,0.6289028009059607,0.14112035925783972,0.2,200.0,9061.0,0.06666666666666667
151.0,2.9999999999999996,0.21470478353060382,0.21353540178600477,0.22098607436959394,0.214261474881347,0.13268035712384035,0.6087270956275375,0.14112035925783972,0.2,200.0,9121.0,0.06666666666666667
152.0,2.9999999999999996,0.2182574720490958,0.22348615260409585,0.22765230244921394,0.2158274178741719,0.13429311115575263,0.5886815903196041,0.14112035925783972,0.2,200.0,9181.0,0.06666666666666667
153.0,2.9999999999999996,0.20565911205738455,0.23087926589480248,0.2350648339450936,0.21913015471434424,0.13783121690508945,0.5694643820923094,0.03859269667013361,0.2,200.0,9241.0,0.06666666666666667
154.0,2.9999999999999996,0.18192425851282087,0.23063536249363648,0.24235127349344215,0.2240500962705069,0.14321697746158768,0.5515988812039488,0.03859269667013361,0.2,200.0,9301.0,0.06666666666666667
155.0,2.9999999999999996,0.1630965128429432,0.22511884995266349,0.24675396601552654,0.2298941548583799,0.1497290739843547,0.5353266572070282,0.03859269667013361,0.2,200.0,9361.0,0.06666666666666667
156.0,2.9999999999999996,0.14844627558388024,0.21680355089904632,0.24861931733205955,0.2356587120058558,0.15627453485233464,0.5210333700594345,0.03859269667013361,0.2,200.0,9421.0,0.06666666666666667
157.0,2.9999999999999996,0.13815274306876366,0.20654012258974072,0.24767521694173822,0.24046720033845145,0.16184165766437308,0.5086101147885663,0.03859269667013361,0.2,200.0,9481.0,0.06666666666666667
158.0,2.9999999999999996,0.13098804980956194,0.1961311207324401,0.2444021584181394,0.24361038560721912,0.16558264808494197,0.4976576311163596,0.03859269667013361,0.2,200.0,9541.0,0.06666666666666667
159.0,2.9999999999999996,0.12594257293466093,0.18661964264472203,0.23955577146608847,0.2446873203967805,0.16700049456340998,0.48755891045496175,0.03859269667013361,0.2,200.0,9601.0,0.06666666666666667
160.0,2.9999999999999996,0.12234952213817656,0.17857349407480672,0.23392140531226116,0.2436213911766654,0.16594792782652518,0.47759011624093795,0.03859269667013361,0.2,200.0,9661.0,0.06666666666666667
161.0,2.9999999999999996,0.1197605782026997,0.17211295811559102,0.22811561840160802,0.24067467340083504,0.16270529994564292,0.4670341239663604,0.03859269667013361,0.2,200.0,9721.0,0.06666666666666667
162.0,2.9999999999999996,0.1178781009339673,0.16704936757675426,0.22252880962997498,0.23639385845391186,0.15790557949960637,0.45530286691403377,0.03859269667013361,0.2,200.0,9781.0,0.06666666666666667
163.0,2.9999999999999996,0.11650001075359562,0.16312256881064702,0.2173814499802867,0.23141971933214764,0.15227977377099208,0.44201630754197685,0.03859269667013361,0.2,200.0,9841.0,0.06666666666666667
164.0,2.9999999999999996,0.11548732931517357,0.16011088875303256,0.21278393230512338,0.22623728042844093,0.14638640878361725,0.4269994525914839,0.03859269667013361,0.2,200.0,9901.0,0.06666666666666667
165.0,2.9999999999999996,0.13475981607000367,0.1586574577849587,0.20877303906230088,0.22117437065301443,0.14065777031422608,0.4100998939000534,0.16428443280046304,0.2,200.0,9961.0,0.06666666666666667
166.0,2.9999999999999996,0.16703013686237853,0.16304564996887028,0.20557667120138984,0.2164942028233223,0.13539729019916485,0.3915288383491555,0.16428443280046304,0.2,200.0,10021.0,0.06666666666666667
167.0,2.9999999999999996,0.1922478195940815,0.17350096129764933,0.20441678761885676,0.21237540789737624,0.13081466102377057,0.37149433215233535,0.16428443280046304,0.2,200.0,10081.0,0.06666666666666667
168.0,2.9999999999999996,0.2110697087255179,0.1885209501826074,0.20584032847301148,0.20922065145310206,0.1272727678108132,0.3502542625609419,0.16428443280046304,0.2,200.0,10141.0,0.06666666666666667
169.0,2.9999999999999996,0.2243504901344972,0.20449206245575685,0.2104438747148006,0.20747267891512527,0.12529985604166305,0.32817135837019146,0.16428443280046304,0.2,200.0,10201.0,0.06666666666666667
170.0,2.9999999999999996,0.2325467799332137,0.2198125247287521,0.2177283620838828,0.2076733724277504,0.1254541016473574,0.30573163855243285,0.16428443280046304,0.2,200.0,10261.0,0.06666666666666667
171.0,2.9999999999999996,0.23739734710810123,0.23358791392763967,0.22711818000736636,0.21016863865179092,0.12804948156909002,0.2836241735320583,0.16428443280046304,0.2,200.0,10321.0,0.06666666666666667
172.0,2.9999999999999996,0.2260736312484936,0.24409462353413994,0.23754333386807558,0.21496424314621476,0.13315096538375465,0.2627532615005323,0.0653768710805202,0.2,200.0,10381.0,0.06666666666666667
173.0,2.9999999999999996,0.20419697747092908,0.24638147683236694,0.24794816827474406,0.22195433122613575,0.14074004722060854,0.24380427064775412,0.0653768710805202,0.2,200.0,10441.0,0.06666666666666667
174.0,2.9999999999999996,0.1879992908444306,0.24292467419643055,0.25514312356302565,0.23028866652601282,0.1500201904901453,0.22734223761913094,0.0653768710805202,0.2,200.0,10501.0,0.06666666666666667
175.0,2.9999999999999996,0.17526695650686971,0.23504269225433572,0.2590151080714888,0.2386798851981694,0.15956364714829105,0.21348884576620097,0.0653768710805202,0.2,200.0,10561.0,0.06666666666666667
176.0,2.9999999999999996,0.16623450338940793,0.22655980665011405,0.2598226079058805,0.24610045927692964,0.16818660121850995,0.2024196063438597,0.0653768710805202,0.2,200.0,10621.0,0.06666666666666667
177.0,2.9999999999999996,0.16014222533186928,0.21762231809879704,0.2581264936508276,0.25162367853277634,0.1747235182336595,0.19371502043657712,0.0653768710805202,0.2,200.0,10681.0,0.06666666666666667
178.0,2.9999999999999996,0.15603739268294936,0.20933309206627806,0.2546827711072477,0.25476832602356025,0.1786178330022878,0.18666426849636325,0.0653768710805202,0.2,200.0,10741.0,0.06666666666666667
179.0,2.9999999999999996,0.15325045031099074,0.2022059253084301,0.2502096629060118,0.2556174655820964,0.17985553612999786,0.18046105267771553,0.0653768710805202,0.2,200.0,10801.0,0.06666666666666667
180.0,2.9999999999999996,0.15134387715491002,0.19654619226266237,0.24537548015984378,0.25437442970209023,0.17862927578946078,0.17432604836978657,0.0653768710805202,0.2,200.0,10861.0,0.06666666666666667
181.0,2.9999999999999996,0.15002771169506926,0.19223980192350518,0.24063041760558196,0.2515173384878388,0.17548487335634969,0.16757816226507227,0.0653768710805202,0.2,200.0,10921.0,0.06666666666666667
182.0,2.9999999999999996,0.1396917311631259,0.18902826755808835,0.2362355786055875,0.24768374019648395,0.17108993434358358,0.1597221222296997,0.007967530727722274,0.2,200.0,10981.0,0.06666666666666667
183.0,2.9999999999999996,0.12191110694720625,0.1844670564549969,0.2322837666537559,0.2433936653736221,0.1661497188545779,0.15046471996893693,0.007967530727722274,0.2,200.0,11041.0,0.06666666666666667
184.0,2.9999999999999996,0.10722191456945086,0.17730640270526557,0.22835520443054788,0.23911613663796932,0.1611796396158576,0.13971253579196455,0.007967530727722274,0.2,200.0,11101.0,0.06666666666666667
185.0,2.9999999999999996,0.09595954930675098,0.1687624496247922,0.22388804154178096,0.23496197118311754,0.15636207554488799,0.12748528857979263,0.007967530727722274,0.2,200.0,11161.0,0.06666666666666667
186.0,2.9999999999999996,0.08733419113765158,0.16004191101645782,0.2187443479427092,0.23082352796470249,0.15157735389782548,0.11382150598650581,0.007967530727722274,0.2,200.0,11221.0,0.06666666666666667
187.0,2.9999999999999996,0.08064528005562258,0.15185371625429137,0.21314560971465943,0.22645988908206377,0.14656696653287937,0.0987021125015462,0.007967530727722274,0.2,200.0,11281.0,0.06666666666666667
188.0,2.9999999999999996,0.07540577864926966,0.14453411043399977,0.20740731065981577,0.22171540726063652,0.14119920264771454,0.11203610518677147,0.007967530727722274,0.0,200.0,11341.0,0.06666666666666667
189.0,2.9999999999999996,0.07124980253950279,0.13818286060221954,0.20179209639193832,0.21663320811164924,0.1355320070352523,0.153719060465411,0.007967530727722274,0.0,200.0,11401.0,0.06666666666666667
190.0,2.9999999999999996,0.0679254845057407,0.13276946373752582,0.19647355398236047,0.21134958714588023,0.12971029284562663,0.19368195450932765,0.007967530727722274,0.0,200.0,11461.0,0.06666666666666667
191.0,2.9999999999999996,0.06524330049248003,0.12819891296320104,0.19155708472807495,0.20603529774093335,0.12386537065991593,0.2318944729024235,0.007967530727722274,0.0,200.0,11521.0,0.06666666666666667
192.0,2.9999999999999996,0.06306297703184052,0.1243646860226621,0.18710321274561464,0.20081219307550408,0.11819925350709602,0.2683692275709441,0.007967530727722274,0.0,200.0,11581.0,0.06666666666666667
193.0,2.9999999999999996,0.06128209553457492,0.12116387818972442,0.18312240449846554,0.19584432782075994,0.11288917705756867,0.30318446479045413,0.007967530727722274,0.0,200.0,11641.0,0.06666666666666667
194.0,2.9999999999999996,0.059822021404046494,0.11849994620165596,0.17959966956366433,0.1912439149453155,0.10802693148720652,0.33645964429846664,0.007967530727722274,0.0,200.0,11701.0,0.06666666666666667
195.0,2.9999999999999996,0.05861199801544264,0.11628229871908664,0.1765122015228175,0.18702663139550746,0.1036441801066233,0.36833309051878826,0.007967530727722274,0.0,200.0,11761.0,0.06666666666666667
196.0,2.9999999999999996,0.05760568512774862,0.11443493052925985,0.1738185343565881,0.18323309875374105,0.09974790188997441,0.3989509193520098,0.007967530727722274,0.0,200.0,11821.0,0.06666666666666667
197.0,2.9999999999999996,0.056767381357271995,0.1128955811146778,0.1714793765879174,0.17983108859533356,0.09629481994915896,0.42845382844607444,0.007967530727722274,0.0,200.0,11881.0,0.06666666666666667
198.0,2.9999999999999996,0.05606788399366105,0.11161213294247463,0.16945630420146088,0.1768261913158493,0.09326359828130872,0.45697188061431976,0.007967530727722274,0.0,200.0,11941.0,0.06666666666666667
199.0,2.9999999999999996,0.07897902250640924,0.1113589537434889,0.16771225499593642,0.1741555415018623,0.09061602228463538,0.4845602734249296,0.13102947079094104,0.0,200.0,12001.0,0.06666666666666667
200.0,2.9999999999999996,0.11577291161369699,0.11600120786941742,0.16635202712567215,0.17185401764824965,0.08834161963465358,0.5114092047031334,0.13102947079094104,0.0,200.0,12061.0,0.06666666666666667
201.0,2.9999999999999996,0.14499259270154166,0.12644251763338155,0.16600322368480383,0.1699058921086205,0.08642701234914264,0.5376353131757713,0.13102947079094104,0.0,200.0,12121.0,0.06666666666666667
202.0,2.9999999999999996,0.16791919388777965,0.14198296083289505,0.16727295360391567,0.16844054292333147,0.0850078456925359,0.5633660840935434,0.13102947079094104,0.0,200.0,12181.0,0.06666666666666667
203.0,2.9999999999999996,0.1852155291490646,0.15888454948214709,0.17100499989547832,0.16776452801193412,0.08435702889062574,0.5887741517893123,0.13102947079094104,0.0,200.0,12241.0,0.06666666666666667
204.0,2.9999999999999996,0.19660653712577789,0.1757735775606079,0.1772902337942815,0.16829238958890402,0.08486316975859289,0.6141116250493485,0.13102947079094104,0.0,200.0,12301.0,0.06666666666666667
205.0,2.9999999999999996,0.20395364628681675,0.19159342854816738,0.18598805028834453,0.17048287131503187,0.0869388947177826,0.639777774598417,0.13102947079094104,0.0,200.0,12361.0,0.06666666666666667
206.0,2.9999999999999996,0.20837388648960567,0.20543650829684773,0.19631763074536268,0.17462582264584553,0.09094126363005214,0.6662864125200445,0.13102947079094104,0.0,200.0,12421.0,0.06666666666666667
207.0,2.9999999999999996,0.21085109402835206,0.21685695992805812,0.20735276732512647,0.18080928907989374,0.09699055422477233,0.6942346427588806,0.13102947079094104,0.0,200.0,12481.0,0.06666666666666667
208.0,2.9999999999999996,0.21212564787628096,0.22577259994470003,0.21825792404019514,0.18875984242811655,0.10495628064923283,0.7242270941171698,0.13102947079094104,0.0,200.0,12541.0,0.06666666666666667
209.0,2.9999999999999996,0.212713091772048,0.2323948163455837,0.22841131272825274,0.19798884531383576,0.11447902492143475,0.7268058472304633,0.13102947079094104,0.2,200.0,12601.0,0.06666666666666667
210.0,2.9999999999999996,0.21294085068353022,0.23705542584822226,0.23741197252268265,0.2078875128470577,0.12498612632501835,0.7023780403136842,0.13102947079094104,0.2,200.0,12661.0,0.06666666666666667
211.0,2.9999999999999996,0.2130021785643134,0.2401524339737047,0.24507883812167025,0.21779165786104338,0.13575168381258773,0.6811546817685296,0.13102947079094104,0.2,200.0,12721.0,0.06666666666666667
212.0,2.9999999999999996,0.2129953328306792,0.242058059569257,0.2514063064363533,0.22715984710141968,0.14627665320243424,0.6631425097632391,0.13102947079094104,0.2,200.0,12781.0,0.06666666666666667
213.0,2.9999999999999996,0.2129673418328689,0.2431113847636765,0.2564707884047735,0.23575437679740954,0.15609663437965937,0.6482208737435294,0.13102947079094104,0.2,200.0,12841.0,0.06666666666666667
214.0,2.9999999999999996,0.20043582773105886,0.24358960235670815,0.26042411763984497,0.2432623046875766,0.16485551201030477,0.6363054361572434,0.04223254984568207,0.2,200.0,12901.0,0.06666666666666667
215.0,2.9999999999999996,0.17889835760363088,0.238784815394115,0.2631414710871256,0.2495286238576062,0.1722880669529485,0.6268534199595917,0.04223254984568207,0.2,200.0,12961.0,0.06666666666666667
216.0,2.9999999999999996,0.16169042248662524,0.22811169926088096,0.2635370102208084,0.2545543811860084,0.1782920570726628,0.6192908259667257,0.04223254984568207,0.2,200.0,13021.0,0.06666666666666667
217.0,2.9999999999999996,0.1488041932148726,0.21760371117157423,0.26132939551109857,0.25820811871233273,0.18271025135070545,0.6133499069933466,0.04223254984568207,0.2,200.0,13081.0,0.06666666666666667
218.0,2.9999999999999996,0.1398043618772515,0.2064032230039257,0.25703613803877273,0.26001862360886135,0.1850055836800819,0.6084911537341681,0.04223254984568207,0.2,200.0,13141.0,0.06666666666666667
219.0,2.9999999999999996,0.13355241157372033,0.19587582955208332,0.2512171129153598,0.25974497886164033,0.18487746886203732,0.6040349111118329,0.04223254984568207,0.2,200.0,13201.0,0.06666666666666667
220.0,2.9999999999999996,0.1291579860316687,0.18687209063545882,0.24460324574011905,0.2573393657874244,0.18224880008861702,0.5992389556921239,0.04223254984568207,0.2,200.0,13261.0,0.06666666666666667
221.0,2.9999999999999996,0.12603975961986044,0.17954241262735518,0.23780590822386272,0.25313363056617694,0.17751375822853543,0.5933899453899368,0.04223254984568207,0.2,200.0,13321.0,0.06666666666666667
222.0,2.9999999999999996,0.12380164363185386,0.1737424437130456,0.23126525902684059,0.24772075043649194,0.1712700468965199,0.5859261643397626,0.04223254984568207,0.2,200.0,13381.0,0.06666666666666667
223.0,2.9999999999999996,0.12218438858521147,0.16923132473905284,0.22525068277732596,0.2416426622153677,0.16425449804485126,0.5764781898947383,0.04223254984568207,0.2,200.0,13441.0,0.06666666666666667
224.0,2.9999999999999996,0.1210070003240884,0.16575458882344596,0.21988749882221506,0.23546547866049097,0.15711801781845933,0.5648987666614022,0.04223254984568207,0.2,200.0,13501.0,0.06666666666666667
225.0,2.9999999999999996,0.12014661635846777,0.16310102362566878,0.2152109630495885,0.22952747371866083,0.15026580411264281,0.5512058545943,0.04223254984568207,0.2,200.0,13561.0,0.06666666666666667
226.0,2.9999999999999996,0.1195164388387969,0.16109143139311868,0.21120349972102312,0.22402615415303337,0.14394765860824793,0.5355173606472364,0.04223254984568207,0.2,200.0,13621.0,0.06666666666666667
227.0,2.9999999999999996,0.13127554102052497,0.1595759977692184,0.20781386682572564,0.21906354334730246,0.13831071363333505,0.5178967831050166,0.11834802911933823,0.2,200.0,13681.0,0.06666666666666667
228.0,2.9999999999999996,0.1517094662200154,0.1626199003778463,0.2051136254513523,0.2147447564968545,0.13344695661611802,0.4986958635169002,0.11834802911933823,0.2,200.0,13741.0,0.06666666666666667
229.0,2.9999999999999996,0.16766236975052917,0.16883494833775112,0.20380393158236815,0.21106068572858475,0.12933212998700008,0.4781706876221557,0.11834802911933823,0.2,200.0,13801.0,0.06666666666666667
230.0,2.9999999999999996,0.17989955854219097,0.17782926925378173,0.20410872369070793,0.20816398131886565,0.12608527275757767,0.45656871504749313,0.11834802911933823,0.2,200.0,13861.0,0.06666666666666667
231.0,2.9999999999999996,0.1882021466305154,0.18749369085405201,0.20628575588030693,0.20623142918507126,0.12393486984101372,0.4341141819209148,0.11834802911933823,0.2,200.0,13921.0,0.06666666666666667
232.0,2.9999999999999996,0.1937119686246828,0.19692399159757665,0.21020624917344577,0.2056687640690308,0.12325549844911889,0.4111825943770078,0.11834802911933823,0.2,200.0,13981.0,0.06666666666666667
233.0,2.9999999999999996,0.19715440092081307,0.20544416669184903,0.21541554343979927,0.2066114786120203,0.12419840842804075,0.38823753093632596,0.11834802911933823,0.2,200.0,14041.0,0.06666666666666667
234.0,2.9999999999999996,0.19918673231400544,0.21270023832910182,0.22134527493626044,0.20899550820163548,0.12670990513559693,0.3657639135944184,0.11834802911933823,0.2,200.0,14101.0,0.06666666666666667
235.0,2.9999999999999996,0.200314380615874,0.21852726343082676,0.22744736113422045,0.2126440114005416,0.13058045459293904,0.34421146472515574,0.11834802911933823,0.2,200.0,14161.0,0.06666666666666667
236.0,2.9999999999999996,0.20089599203210337,0.22297701607695805,0.233306114533784,0.2172024501136175,0.13553398980985593,0.3239539659346211,0.11834802911933823,0.2,200.0,14221.0,0.06666666666666667
237.0,2.9999999999999996,0.20116867143840264,0.22621262113620108,0.23863449229924025,0.22238076881998864,0.14125054277938387,0.30528139696828926,0.11834802911933823,0.2,200.0,14281.0,0.06666666666666667
238.0,2.9999999999999996,0.19756259398810386,0.2284511131042556,0.2432748059650911,0.22779705958025173,0.14734360565928184,0.288378853077689,0.09403938031669846,0.2,200.0,14341.0,0.06666666666666667
239.0,2.9999999999999996,0.1911892494782649,0.22888948600311707,0.24714644501427552,0.23310919326991011,0.15337675757213484,0.27330893042005205,0.09403938031669846,0.2,200.0,14401.0,0.06666666666666667
240.0,2.9999999999999996,0.18663082748574408,0.22719806031325332,0.2500129196864868,0.23802677956403057,0.15905827450965165,0.26001271492163325,0.09403938031669846,0.2,200.0,14461.0,0.06666666666666667
241.0,2.9999999999999996,0.1836164950559701,0.22433596184073962,0.2516090000936678,0.242351290854243,0.16410635131212795,0.24835272274534112,0.09403938031669846,0.2,200.0,14521.0,0.06666666666666667
242.0,2.9999999999999996,0.18163940737369177,0.22120596501001108,0.2519859216560702,0.24584237474623605,0.16824613622207113,0.23810465646551857,0.09403938031669846,0.2,200.0,14581.0,0.06666666666666667
243.0,2.9999999999999996,0.18033662746560025,0.21829234838076922,0.2514426470564326,0.24834032532427394,0.1712636163684442,0.22896860055842427,0.09403938031669846,0.2,200.0,14641.0,0.06666666666666667
244.0,2.9999999999999996,0.17947448568607197,0.215791883182292,0.2503271198124684,0.24981080894873792,0.17308700346284195,0.22059573642053296,0.09403938031669846,0.2,200.0,14701.0,0.06666666666666667
245.0,2.9999999999999996,0.1789018241816228,0.21374961787633695,0.2489269149772706,0.25034638743897214,0.1738165689729497,0.2126355423956224,0.09403938031669846,0.2,200.0,14761.0,0.06666666666666667
246.0,2.9999999999999996,0.19180487871610238,0.21218878414430054,0.247460582619324,0.25010408639010195,0.17362607285208168,0.20475928650533237,0.18631830927666293,0.2,200.0,14821.0,0.06666666666666667
247.0,2.9999999999999996,0.21437878856925616,0.21634800261481188,0.24624796393803008,0.24926076453143856,0.17271037745223342,0.1967205741832009,0.18631830927666293,0.2,200.0,14881.0,0.06666666666666667
248.0,2.9999999999999996,0.23141762554746362,0.22445010763187057,0.2466896663333832,0.24819707124758844,0.17150639171768883,0.18837363871613927,0.18631830927666293,0.2,200.0,14941.0,0.06666666666666667
249.0,2.9999999999999996,0.2437794855553074,0.2355401071364784,0.24913503656072628,0.24749091550516433,0.17068475750421083,0.1797179036605669,0.18631830927666293,0.2,200.0,15001.0,0.06666666666666667
250.0,2.9999999999999996,0.2515609527497498,0.24703403907982008,0.25384857679216055,0.24768692199264783,0.17088820380352596,0.17092188996054236,0.18631830927666293,0.2,200.0,15061.0,0.06666666666666667
251.0,2.9999999999999996,0.25621812833187263,0.25790562552571844,0.2605103280619223,0.249270235480042,0.17266595980867816,0.1623645791745814,0.18631830927666293,0.2,200.0,15121.0,0.06666666666666667
252.0,2.9999999999999996,0.2587815901124676,0.26725504462625893,0.2683142881409386,0.2525142937049416,0.17631930284829467,0.15456060753017906,0.18631830927666293,0.2,200.0,15181.0,0.06666666666666667
253.0,2.9999999999999996,0.2600656608515981,0.2747377718954608,0.2764484298785606,0.25734797690584954,0.18186390308012798,0.14807923458517896,0.18631830927666293,0.2,200.0,15241.0,0.06666666666666667
254.0,2.9999999999999996,0.26064286498033784,0.2803580451998657,0.28423268816025343,0.2634965214366046,0.1890084830782462,0.14346220301880044,0.18631830927666293,0.2,200.0,15301.0,0.06666666666666667
255.0,2.9999999999999996,0.2608601828310596,0.28435077216970284,0.2912339332828306,0.2704506866570273,0.19715418992616018,0.14112572174709567,0.18631830927666293,0.2,200.0,15361.0,0.06666666666666667
256.0,2.9999999999999996,0.2609140635410326,0.2870285103905769,0.2972371793610978,0.2776350924773075,0.20564740096225873,0.1412912071034976,0.18631830927666293,0.2,200.0,15421.0,0.06666666666666667
257.0,2.9999999999999996,0.2610203266111213,0.2887006853096916,0.30218768421800635,0.28460569764736066,0.2139299602080018,0.1439937147618382,0.18708111135996197,0.2,200.0,15481.0,0.06666666666666667
258.0,2.9999999999999996,0.2611925974359663,0.28968159870781585,0.306143090801639,0.29100471351437635,0.22155826219774322,0.14911256842110424,0.18708111135996197,0.2,200.0,15541.0,0.06666666666666667
259.0,2.9999999999999996,0.26130572053934703,0.29022239044738474,0.3092296500476488,0.2966231653037634,0.22830145285671238,0.15641763948239495,0.18708111135996197,0.2,200.0,15601.0,0.06666666666666667
260.0,2.9999999999999996,0.26137897609063054,0.29047017646838075,0.3115941730129026,0.30139141569636296,0.2340263125590109,0.1656262670793086,0.18708111135996197,0.2,200.0,15661.0,0.06666666666666667
261.0,2.9999999999999996,0.26142267270880304,0.29053567385337453,0.313381122146639,0.30528789305628407,0.23874383207533942,0.17642848162431068,0.18708111135996197,0.2,200.0,15721.0,0.06666666666666667
262.0,2.9999999999999996,0.2614466231918654,0.2904931586561684,0.3147080895593258,0.30841889001832185,0.24255724178936208,0.18853371035404762,0.18708111135996197,0.2,200.0,15781.0,0.06666666666666667
263.0,2.9999999999999996,0.26145859046322595,0.2903923634516135,0.3156726179504199,0.31088528228048884,0.2455583390465917,0.20168284763325245,0.18708111135996197,0.2,200.0,15841.0,0.06666666666666667
264.0,2.9999999999999996,0.26146391987045897,0.2902662207019569,0.31636078991481853,0.31277076208915394,0.24786584554655686,0.21564465290161983,0.18708111135996197,0.2,200.0,15901.0,0.06666666666666667
265.0,2.9999999999999996,0.26146590647138157,0.29013547894561104,0.31684020781349415,0.31419199499587697,0.24961295178106688,0.23022755418194718,0.18708111135996197,0.2,200.0,15961.0,0.06666666666666667
266.0,2.9999999999999996,0.26146639287875634,0.29001240169514125,0.3171647339007936,0.31525220321289654,0.2509143478407779,0.2452779030898695,0.18708111135996197,0.2,200.0,16021.0,0.06666666666666667
267.0,2.9999999999999996,0.2614663137079593,0.2899034329668457,0.3173767451815191,0.31602220028629746,0.2518638126446116,0.26067379460347145,0.18708111135996197,0.2,200.0,16081.0,0.06666666666666667
268.0,2.9999999999999996,0.26146609146940686,0.289811146055366,0.3175091496977404,0.3165682534439213,0.2525408821213541,0.2763195889260546,0.18708111135996197,0.2,200.0,16141.0,0.06666666666666667
269.0,2.9999999999999996,0.23894415530622448,0.2875935768752556,0.31758676792051765,0.31694603510219393,0.2530120633622154,0.2921496668116016,0.018139753526562986,0.2,200.0,16201.0,0.06666666666666667
270.0,2.9999999999999996,0.2000949320246524,0.2769789014268691,0.3166611572293045,0.31716839373843086,0.2532944453372791,0.30809364226734764,0.018139753526562986,0.2,200.0,16261.0,0.06666666666666667
271.0,2.9999999999999996,0.17059216496395846,0.25948703437854514,0.31173312136871945,0.31692328889210075,0.2530338925313705,0.32404381619492284,0.018139753526562986,0.2,200.0,16321.0,0.06666666666666667
272.0,2.9999999999999996,0.14679528471293352,0.2389578207103635,0.30374965170328916,0.31522686598049077,0.2511546764101124,0.33975659864220337,0.018139753526562986,0.2,200.0,16381.0,0.06666666666666667
273.0,2.9999999999999996,0.12903969562640819,0.22009205609187854,0.2929120917494001,0.31157817413072414,0.24703355201415841,0.35465950195399726,0.018139753526562986,0.2,200.0,16441.0,0.06666666666666667
274.0,2.9999999999999996,0.1162477588747826,0.20248785017329982,0.28039146541769067,0.3053313196569383,0.23992553736250827,0.3679788742776583,0.018139753526562986,0.2,200.0,16501.0,0.06666666666666667
275.0,2.9999999999999996,0.10698751354031086,0.1871489587806527,0.2672646895717201,0.29653344931095854,0.22978221624929207,0.37879810219195426,0.018139753526562986,0.2,200.0,16561.0,0.06666666666666667
276.0,2.9999999999999996,0.1001845872874223,0.17432447396228004,0.2543651574433504,0.2857661429430741,0.21717861130093385,0.3862625173063974,0.018139753526562986,0.2,200.0,16621.0,0.06666666666666667
277.0,2.9999999999999996,0.09511628706995842,0.16386575123375516,0.2422827617440027,0.27386757544416984,0.20312727129574823,0.38974686965080174,0.018139753526562986,0.2,200.0,16681.0,0.06666666666666667
278.0,2.9999999999999996,0.09128517160612674,0.1554564182492954,0.23134237439688185,0.2617181084884374,0.18868217028665302,0.38894631856434464,0.018139753526562986,0.2,200.0,16741.0,0.06666666666666667
279.0,2.9999999999999996,0.08835618841559423,0.14874330714498488,0.22166856496824555,0.2499739833480265,0.17473982463323706,0.38385644876631464,0.018139753526562986,0.2,200.0,16801.0,0.06666666666666667
280.0,2.9999999999999996,0.08609737252963698,0.1434189321738021,0.21325483428523728,0.23903915115009522,0.1618133603287114,0.37470071073939903,0.018139753526562986,0.2,200.0,16861.0,0.06666666666666667
281.0,2.9999999999999996,0.08433799421798416,0.13920206115654077,0.20602872908839862,0.22908148601891618,0.1501869030990924,0.361820295040535,0.018139753526562986,0.2,200.0,16921.0,0.06666666666666667
282.0,2.9999999999999996,0.08296229112777528,0.13586413846268958,0.19987328713053698,0.22021170165713763,0.13998761791394815,0.34562386578769916,0.018139753526562986,0.2,200.0,16981.0,0.06666666666666667
283.0,2.9999999999999996,0.08187812030979608,0.1332186144176898,0.19466049306387784,0.21244526552010828,0.13123393744903136,0.3265436392187253,0.018139753526562986,0.2,200.0,17041.0,0.06666666666666667
284.0,2.9999999999999996,0.08101939154846247,0.13112068561908763,0.19025843591866426,0.2057238166792665,0.12371362027150035,0.3049942741604851,0.018139753526562986,0.2,200.0,17101.0,0.06666666666666667
285.0,2.9999999999999996,0.08033771743744135,0.12945776405743864,0.18656405783436136,0.19986828634580414,0.11728523755381967,0.2813207589519381,0.018139753526562986,0.2,200.0,17161.0,0.06666666666666667
286.0,2.9999999999999996,0.1099160504344459,0.12938523837610594,0.1834719984703707,0.1948329586734229,0.1118663921765213,0.25571464583191894,0.1983578011422586,0.2,200.0,17221.0,0.06666666666666667
287.0,2.9999999999999996,0.15841719023705889,0.1379690237646554,0.18118366671413447,0.19060787258673673,0.1073663473449721,0.22861808062092043,0.1983578011422586,0.2,200.0,17281.0,0.06666666666666667
288.0,2.9999999999999996,0.19620585636538593,0.15286383775566437,0.18121662076040537,0.18713033099220433,0.10372935097093536,0.20030986297784792,0.1983578011422586,0.2,200.0,17341.0,0.06666666666666667
289.0,2.9999999999999996,0.22485624207079455,0.17553945111796795,0.18407490108929034,0.18475578585897806,0.10125442244024772,0.17108884171312203,0.1983578011422586,0.2,200.0,17401.0,0.06666666666666667
290.0,2.9999999999999996,0.24514716847685106,0.19958837830446075,0.19134769572055224,0.18397173113281068,0.10042056728334524,0.14133730593115096,0.1983578011422586,0.2,200.0,17461.0,0.06666666666666667
291.0,2.9999999999999996,0.2574598134914428,0.22299336481375867,0.20267933666786414,0.1854543064921223,0.1018914854484366,0.11158751741197141,0.1983578011422586,0.2,200.0,17521.0,0.06666666666666667
292.0,2.9999999999999996,0.26462014444723464,0.24409564471433548,0.21728839607641143,0.18993864595607107,0.10639643030591198,0.08262366756379602,0.1983578011422586,0.2,200.0,17581.0,0.06666666666666667
293.0,2.9999999999999996,0.26840966132464483,0.26171472493626247,0.23358430063663024,0.19771932541256648,0.11442126669625785,0.08541388031592788,0.1983578011422586,0.0,200.0,17641.0,0.06666666666666667
294.0,2.9999999999999996,0.2701885883853274,0.2754998776359507,0.2500550192884855,0.20859859050030122,0.12590378631985968,0.12102138315582177,0.1983578011422586,0.0,200.0,17701.0,0.06666666666666667
295.0,2.9999999999999996,0.2708997616994615,0.285648442337679,0.2655086316915328,0.22177390608387854,0.140205550031627,0.16042736441367753,0.1983578011422586,0.0,200.0,17761.0,0.06666666666666667
296.0,2.9999999999999996,0.2710987661960607,0.292706238182879,0.2792147257479324,0.23621479416006141,0.15639255473042504,0.20437546033987625,0.1983578011422586,0.0,200.0,17821.0,0.06666666666666667
297.0,2.9999999999999996,0.271092093373516,0.2973028671625175,0.29081952026586877,0.2509261435578575,0.17327773999724175,0.25330034124520984,0.1983578011422586,0.0,200.0,17881.0,0.06666666666666667
298.0,2.9999999999999996,0.2710306808699965,0.30004958920228814,0.3002829814875143,0.2649663521552883,0.18979802699562384,0.30727741943743825,0.1983578011422586,0.0,200.0,17941.0,0.06666666666666667
299.0,2.9999999999999996,0.2544969060608127,0.3005581643872679,0.30775178995906466,0.277758230421125,0.2050322351490994,0.36644399863699456,0.07447518179899437,0.0,200.0,18001.0,0.06666666666666667
300.0,2.9999999999999996,0.22679966745306002,0.2923756344148599,0.31280771276722213,0.2887470055615443,0.21825140284312416,0.4299081161646358,0.07447518179899437,0.0,200.0,18061.0,0.06666666666666667
301.0,2.9999999999999996,0.20608623580279334,0.2794141858864298,0.3131556174134447,0.2976806087129788,0.22903664297423015,0.4969293056128069,0.07447518179899437,0.0,200.0,18121.0,0.06666666666666667
302.0,2.9999999999999996,0.19012978468867406,0.2638086854104902,0.31010397286115343,0.3039408429750602,0.23670184739563851,0.5666306378685381,0.07447518179899437,0.0,200.0,18181.0,0.06666666666666667
303.0,2.9999999999999996,0.17914532210500383,0.24906886063221095,0.303901704319805,0.30730597057297004,0.24099702377732393,0.6382389002812561,0.07447518179899437,0.0,200.0,18241.0,0.06666666666666667
304.0,2.9999999999999996,0.17190816619467278,0.2353522278307539,0.2955691110733515,0.3073703630074652,0.24146104471559895,0.7106782925991156,0.07447518179899437,0.0,200.0,18301.0,0.06666666666666667
305.0,2.9999999999999996,0.16713706227652939,0.2238751667276745,0.28622645232627797,0.304101806080166,0.23802439869716127,0.7527858418814303,0.07447518179899437,0.2,200.0,18361.0,0.06666666666666667
306.0,2.9999999999999996,0.16396087529268033,0.21483540655853342,0.27676238771905576,0.2981058531517808,0.2312853732288311,0.7634507974981506,0.07447518179899437,0.2,200.0,18421.0,0.06666666666666667
307.0,2.9999999999999996,0.1618300160000287,0.2079699989025505,0.26781483142097484,0.2902979594248004,0.22226731813928916,0.7717922448186584,0.07447518179899437,0.2,200.0,18481.0,0.06666666666666667
308.0,2.9999999999999996,0.16038899075361282,0.2028572201696104,0.2597578634710253,0.28167017799992805,0.21213239032706602,0.7772670581748263,0.07447518179899437,0.2,200.0,18541.0,0.06666666666666667
309.0,2.9999999999999996,0.15940869826740078,0.19911470902744366,0.2527546564367001,0.273016911715681,0.2018507374191885,0.7796638430683003,0.07447518179899437,0.2,200.0,18601.0,0.06666666666666667
310.0,2.9999999999999996,0.158739226659271,0.19640108047388116,0.24681747792855602,0.2648709031338334,0.1920664533197617,0.7790246211419392,0.07447518179899437,0.2,200.0,18661.0,0.06666666666666667
311.0,2.9999999999999996,0.1582807735346138,0.19444469751640342,0.2418807932306333,0.25751454079734054,0.1832611068245624,0.7755579451745634,0.07447518179899437,0.2,200.0,18721.0,0.06666666666666667
312.0,2.9999999999999996,0.15796576648247918,0.19304069692652287,0.2378246374437221,0.2511287915805987,0.17560888732832758,0.7695888147328034,0.07447518179899437,0.2,200.0,18781.0,0.06666666666666667
313.0,2.9999999999999996,0.17100125026097293,0.19203995669856055,0.2345277639690151,0.2456738924122578,0.16905796160589423,0.7613323891498288,0.16412923604942634,0.2,200.0,18841.0,0.06666666666666667
314.0,2.9999999999999996,0.19355408268537033,0.19636573763146284,0.23207195134913555,0.24111266934319292,0.16361288121347453,0.751269208110413,0.16412923604942634,0.2,200.0,18901.0,0.06666666666666667
315.0,2.9999999999999996,0.2107314260005183,0.20441174572635754,0.2314926319847535,0.2374176456879823,0.15922284233938877,0.7397509643563462,0.16412923604942634,0.2,200.0,18961.0,0.06666666666666667
316.0,2.9999999999999996,0.2233892868203198,0.21537727914999527,0.23300787715611448,0.23479270406720285,0.1561015150776841,0.7271177850735561,0.16412923604942634,0.2,200.0,19021.0,0.06666666666666667
317.0,2.9999999999999996,0.23152844137070158,0.22676478774399547,0.23685239479910286,0.23351852064478484,0.15454346094369686,0.7137252610998103,0.16412923604942634,0.2,200.0,19081.0,0.06666666666666667
318.0,2.9999999999999996,0.2365412099566764,0.23751876987744433,0.24270295275488282,0.23398587409951763,0.154959304626608,0.70009345807255,0.16412923604942634,0.2,200.0,19141.0,0.06666666666666667
319.0,2.9999999999999996,0.239415746937219,0.24692176558367898,0.24983587697638165,0.23627629942476028,0.15745272838115806,0.6868334222089997,0.16412923604942634,0.2,200.0,19201.0,0.06666666666666667
320.0,2.9999999999999996,0.24093034581981415,0.25457676343289826,0.25747000249192864,0.2402687653165394,0.16192608909126038,0.6745617216043712,0.16412923604942634,0.2,200.0,19261.0,0.06666666666666667
321.0,2.9999999999999996,0.24165611626020583,0.2604254334905866,0.2649325227716579,0.2456722372082472,0.1680850077755987,0.6638416133140215,0.16412923604942634,0.2,200.0,19321.0,0.06666666666666667
322.0,2.9999999999999996,0.24195910047542799,0.264654354296654,0.2717631584992752,0.2520070045730392,0.17535434732094424,0.6551184032346291,0.16412923604942634,0.2,200.0,19381.0,0.06666666666666667
323.0,2.9999999999999996,0.24205776287487665,0.2675408492231101,0.27771439908010215,0.25871045253032265,0.18317758822670943,0.6486547043302355,0.16412923604942634,0.2,200.0,19441.0,0.06666666666666667
324.0,2.9999999999999996,0.24206972576726546,0.26939409802897973,0.28269285315872006,0.26536525439038533,0.1910596047794457,0.6445575672258981,0.16412923604942634,0.2,200.0,19501.0,0.06666666666666667
325.0,2.9999999999999996,0.22337360588140587,0.2686868523890519,0.2867159899149749,0.2716151542033389,0.1984958544756583,0.6429653789378778,0.025005258722094584,0.2,200.0,19561.0,0.06666666666666667
326.0,2.9999999999999996,0.19099402204583324,0.2606826469402252,0.28906689737850316,0.27708750712167585,0.20509940629550932,0.6434935602548577,0.025005258722094584,0.2,200.0,19621.0,0.06666666666666667
327.0,2.9999999999999996,0.16480818711191844,0.2467286689451217,0.2875501379515836,0.2814926144663141,0.2104281998434972,0.645695478953854,0.025005258722094584,0.2,200.0,19681.0,0.06666666666666667
328.0,2.9999999999999996,0.14440428023122925,0.2311901429279647,0.28342109610330846,0.28431839909356726,0.21390780889270997,0.6492933961626762,0.025005258722094584,0.2,200.0,19741.0,0.06666666666666667
329.0,2.9999999999999996,0.12990184532421287,0.21449473164336358,0.27626772434416136,0.2849080923674564,0.21481358703737718,0.6536383368628611,0.025005258722094584,0.2,200.0,19801.0,0.06666666666666667
330.0,2.9999999999999996,0.11969371320562748,0.19890010474359252,0.2670154473708457,0.28273287817980985,0.21249066880946016,0.6578783383385708,0.025005258722094584,0.2,200.0,19861.0,0.06666666666666667
331.0,2.9999999999999996,0.1123965775447963,0.18543826865495194,0.2567282115254339,0.277734568933065,0.2068252615158879,0.6610185333368898,0.025005258722094584,0.2,200.0,19921.0,0.06666666666666667
332.0,2.9999999999999996,0.10709997997730872,0.17432510864815817,0.24631026437396272,0.270404202802346,0.19835661401251065,0.6621046181672946,0.025005258722094584,0.2,200.0,19981.0,0.06666666666666667
333.0,2.9999999999999996,0.10320092438626044,0.16538558057659394,0.23638165877957554,0.26159560653178754,0.18805752606666937,0.6604063970241657,0.025005258722094584,0.2,200.0,20041.0,0.06666666666666667
334.0,2.9999999999999996,0.10029415881862651,0.15829891598850404,0.22729544171740773,0.2521415926220131,0.17698453114839546,0.6555024861328989,0.025005258722094584,0.2,200.0,20101.0,0.06666666666666667
335.0,2.9999999999999996,0.09810777645105605,0.15272752964375658,0.21920081836440597,0.24272189146159295,0.16590358383079878,0.6472636672611353,0.025005258722094584,0.2,200.0,20161.0,0.06666666666666667
336.0,2.9999999999999996,0.09644555701242422,0.1483768747955443,0.21214411965145186,0.23371126831529132,0.15541266315734412,0.6357592505391803,0.025005258722094584,0.2,200.0,20221.0,0.06666666666666667
337.0,2.9999999999999996,0.11478501164377516,0.1449893259724978,0.20607189753168145,0.22544288633518955,0.14583636796803873,0.621015073453204,0.14073879371015205,0.2,200.0,20281.0,0.06666666666666667
338.0,2.9999999999999996,0.1455071969740941,0.14874161437065855,0.2011001986161794,0.21804331148808914,0.13740297958060863,0.6035318082242813,0.14073879371015205,0.2,200.0,20341.0,0.06666666666666667
339.0,2.9999999999999996,0.1697818119323313,0.15736333319781118,0.19815973377101107,0.21163381810320991,0.13020399743976208,0.5837238855937692,0.14073879371015205,0.2,200.0,20401.0,0.06666666666666667
340.0,2.9999999999999996,0.18827602160397935,0.17059839336727645,0.19766945022828017,0.20642560821027708,0.124372630383199,0.5619897673972266,0.14073879371015205,0.2,200.0,20461.0,0.06666666666666667
341.0,2.9999999999999996,0.20173503883179636,0.18502107360370276,0.20015574456789234,0.20270791811353445,0.1202508799121731,0.5387778095041209,0.14073879371015205,0.2,200.0,20521.0,0.06666666666666667
342.0,2.9999999999999996,0.21033382952723764,0.1991957676108962,0.2052781443413022,0.20091333106667544,0.11823275001101106,0.5145668937662085,0.14073879371015205,0.2,200.0,20581.0,0.06666666666666667
343.0,2.9999999999999996,0.21566517899118925,0.2120501520847775,0.212560345971634,0.20147789349301773,0.118723398588617,0.49004169736737363,0.14073879371015205,0.2,200.0,20641.0,0.06666666666666667
344.0,2.9999999999999996,0.21874630534026465,0.22310758995695104,0.22118062303311828,0.20432228660148205,0.1216437218558258,0.4659549873960777,0.14073879371015205,0.2,200.0,20701.0,0.06666666666666667
345.0,2.9999999999999996,0.2203933224135218,0.23202139054331944,0.2302494986518014,0.20917110230228558,0.12678645314335893,0.4430139555486713,0.14073879371015205,0.2,200.0,20761.0,0.06666666666666667
346.0,2.9999999999999996,0.22120897148602744,0.23882007646875775,0.23903509302700826,0.21563905421855953,0.13372288382199762,0.42183999057376936,0.14073879371015205,0.2,200.0,20821.0,0.06666666666666667
347.0,2.9999999999999996,0.22157043140158253,0.24376004707709015,0.24706915056276432,0.22311221227107092,0.14195673351768684,0.40291110755481563,0.14073879371015205,0.2,200.0,20881.0,0.06666666666666667
348.0,2.9999999999999996,0.22365655892099903,0.24715109348029823,0.2540737094442209,0.2310869971877657,0.1509086725991148,0.38655527728409644,0.1536833016158497,0.2,200.0,20941.0,0.06666666666666667
349.0,2.9999999999999996,0.2270276657439988,0.2498854311088104,0.25996838837144454,0.23899271502425326,0.15995263732162746,0.37291205259424004,0.1536833016158497,0.2,200.0,21001.0,0.06666666666666667
350.0,2.9999999999999996,0.22936263940241244,0.25255421479243517,0.26492431095543334,0.24641302645334828,0.16860517448118917,0.36194722910628013,0.1536833016158497,0.2,200.0,21061.0,0.06666666666666667
351.0,2.9999999999999996,0.2309304046740943,0.25494360675020705,0.26921480809754883,0.2531189596283173,0.176465427880232,0.35349550692469783,0.1536833016158497,0.2,200.0,21121.0,0.06666666666666667
352.0,2.9999999999999996,0.2319013179784167,0.2569733647073915,0.2729989934303672,0.2589766998790416,0.18346214031577093,0.3472970471990765,0.1536833016158497,0.2,200.0,21181.0,0.06666666666666667
353.0,2.9999999999999996,0.23245845055299752,0.25858857655539863,0.276315129631403,0.2641282807361164,0.18966360508070884,0.3431015458882559,0.1536833016158497,0.2,200.0,21241.0,0.06666666666666667
354.0,2.9999999999999996,0.23275565361839126,0.2597911505122545,0.27916325405397796,0.26863963777723704,0.19512553786429093,0.34067660532509075,0.1536833016158497,0.2,200.0,21301.0,0.06666666666666667
355.0,2.9999999999999996,0.2329015927253411,0.2606262145583566,0.2815456010767893,0.2725627439977354,0.19985807412939754,0.3398033650086399,0.1536833016158497,0.2,200.0,21361.0,0.06666666666666667
356.0,2.9999999999999996,0.23296559855177315,0.2611628418222033,0.2834932597730464,0.27591830142921314,0.2039363965872655,0.34026772000350325,0.1536833016158497,0.2,200.0,21421.0,0.06666666666666667
357.0,2.9999999999999996,0.2329887576577762,0.26147321219532926,0.28504244229918024,0.27878742792535055,0.20742921437483477,0.3418839265005201,0.1536833016158497,0.2,200.0,21481.0,0.06666666666666667
358.0,2.9999999999999996,0.23299365337876948,0.2616231227608068,0.28624271308932436,0.2811929598198529,0.210345015368239,0.3444788713691054,0.1536833016158497,0.2,200.0,21541.0,0.06666666666666667
359.0,2.9999999999999996,0.23299169795646765,0.2616679119556811,0.28715432947861536,0.28314917481807583,0.21273198865863802,0.3478825021407818,0.1536833016158497,0.2,200.0,21601.0,0.06666666666666667
360.0,2.9999999999999996,0.2329881068798309,0.2616479031239357,0.2878303383509267,0.28472473277158167,0.21466035412590023,0.3519452991138119,0.1536833016158497,0.2,200.0,21661.0,0.06666666666666667
361.0,2.9999999999999996,0.2329849638487816,0.26159233207034827,0.2883195878483476,0.28596874356948393,0.2161891211581631,0.356536955203443,0.1536833016158497,0.2,200.0,21721.0,0.06666666666666667
362.0,2.9999999999999996,0.23298271303515566,0.2615211707174121,0.2886646048340185,0.2869299248554456,0.21737578025816331,0.36154450965848806,0.1536833016158497,0.2,200.0,21781.0,0.06666666666666667
363.0,2.9999999999999996,0.21610170356358846,0.26062574485297496,0.28890103682540824,0.2876564919862725,0.21827705545848167,0.36688938418764255,0.028872059790497943,0.2,200.0,21841.0,0.06666666666666667
364.0,2.9999999999999996,0.1868024578821539,0.2521757126033497,0.28854473198838393,0.2881730824720487,0.21892461993076925,0.37246815718420223,0.028872059790497943,0.2,200.0,21901.0,0.06666666666666667
365.0,2.9999999999999996,0.16316392755345935,0.23937854754793017,0.2851616838979429,0.28831138196022144,0.2191146030973054,0.3781791522918745,0.028872059790497943,0.2,200.0,21961.0,0.06666666666666667
366.0,2.9999999999999996,0.14479233239057973,0.22542184941556442,0.2799626512912197,0.2875293814800046,0.21822442091390254,0.3838346814326305,0.028872059790497943,0.2,200.0,22021.0,0.06666666666666667
367.0,2.9999999999999996,0.13176665127354187,0.21060831201110758,0.2725272392644872,0.285222727221417,0.21559279475507023,0.3890259695255405,0.028872059790497943,0.2,200.0,22081.0,0.06666666666666667
368.0,2.9999999999999996,0.12262078821661568,0.19674728034931946,0.26351328597833606,0.28103780041845766,0.21077880032393503,0.39317341166877173,0.028872059790497943,0.2,200.0,22141.0,0.06666666666666667
369.0,2.9999999999999996,0.1161097018249897,0.18470926765264503,0.25376163587148154,0.27495582903701815,0.2037165321530656,0.3956055532283702,0.028872059790497943,0.2,200.0,22201.0,0.06666666666666667
370.0,2.9999999999999996,0.11140718585059832,0.1747443693192516,0.24401928837269699,0.26730262657729575,0.1947363406059567,0.3956790039696527,0.028872059790497943,0.2,200.0,22261.0,0.06666666666666667
371.0,2.9999999999999996,0.10796511229264423,0.16672501536310702,0.23480772579061318,0.2586459118182081,0.18458595538829928,0.392898241625436,0.028872059790497943,0.2,200.0,22321.0,0.06666666666666667
372.0,2.9999999999999996,0.10541830861489805,0.16037455183715685,0.2264084579087496,0.24965895220350093,0.1740110277997676,0.3870080496205837,0.028872059790497943,0.2,200.0,22381.0,0.06666666666666667
373.0,2.9999999999999996,0.10351508190476873,0.155394015297578,0.21895250246674364,0.240801729038718,0.16360841146173177,0.377955249150449,0.028872059790497943,0.2,200.0,22441.0,0.06666666666666667
374.0,2.9999999999999996,0.09997352940331702,0.15152203468052133,0.21246368217355083,0.23241571692521706,0.15385179982266092,0.36585070025387084,0.01759569560689416,0.2,200.0,22501.0,0.06666666666666667
375.0,2.9999999999999996,0.09501900492547344,0.14814299617161333,0.2068884352312313,0.2247484099669927,0.14498813322668574,0.35092489126386506,0.01759569560689416,0.2,200.0,22561.0,0.06666666666666667
376.0,2.9999999999999996,0.09103939769561231,0.14478425841951065,0.20208523632284772,0.21787109611850983,0.13716505593767309,0.3334624745021585,0.01759569560689416,0.2,200.0,22621.0,0.06666666666666667
377.0,2.9999999999999996,0.08795607766608528,0.14152904124127955,0.19785728205289943,0.21183488380593898,0.13039295529370387,0.31378239680127745,0.01759569560689416,0.2,200.0,22681.0,0.06666666666666667
378.0,2.9999999999999996,0.08555858100053301,0.1385101117708244,0.19407469112839032,0.2065448433728928,0.12448208669052589,0.2921805429912486,0.01759569560689416,0.2,200.0,22741.0,0.06666666666666667
379.0,2.9999999999999996,0.0836852903999737,0.1358091929292702,0.19067633013743102,0.2018335914041507,0.11931058005358673,0.26889487415481905,0.01759569560689416,0.2,200.0,22801.0,0.06666666666666667
380.0,2.9999999999999996,0.08221771845744741,0.13345565135483278,0.187625921949134,0.19765859221837928,0.11478431504333388,0.24413848201227067,0.01759569560689416,0.2,200.0,22861.0,0.06666666666666667
381.0,2.9999999999999996,0.08105848333524138,0.1314435723955564,0.1849058139202543,0.19394168828416744,0.11080790841438885,0.21809209848455952,0.01759569560689416,0.2,200.0,22921.0,0.06666666666666667
382.0,2.9999999999999996,0.0801399368475589,0.1297499233293718,0.18249486534309978,0.19061211830379968,0.10729566398917022,0.19091076056342784,0.01759569560689416,0.2,200.0,22981.0,0.06666666666666667
383.0,2.9999999999999996,0.07941056939914204,0.12833989028701728,0.18037222791892826,0.18763219641225393,0.10419147527397801,0.162725344755578,0.01759569560689416,0.2,200.0,23041.0,0.06666666666666667
384.0,2.9999999999999996,0.07883028975509516,0.12717535164087151,0.17851289875197215,0.18498918363883696,0.10145649007537019,0.13365424924904176,0.01759569560689416,0.2,200.0,23101.0,0.06666666666666667
385.0,2.9999999999999996,0.07836805433930759,0.1262197091220257,0.17689398937237502,0.18261609256894532,0.09904185161533696,0.10380169825030962,0.01759569560689416,0.2,200.0,23161.0,0.06666666666666667
386.0,2.9999999999999996,0.0779994493185894,0.1254394268947138,0.1754925639725955,0.18052386767030584,0.09692010345783895,0.0732603685671711,0.01759569560689416,0.2,200.0,23221.0,0.06666666666666667
387.0,2.9999999999999996,0.07770434423824589,0.12480460972154449,0.17428638729848484,0.17868945666744315,0.09506056572985591,0.07211125120708792,0.01759569560689416,0.0,200.0,23281.0,0.06666666666666667
388.0,2.9999999999999996,0.07746746536528269,0.12428949862555339,0.17325389898520274,0.17707934315638085,0.09344196608255605,0.10043000078505493,0.01759569560689416,0.0,200.0,23341.0,0.06666666666666667
389.0,2.9999999999999996,0.07727716165168685,0.12387230125691008,0.1723739063584595,0.17566834490966715,0.09203954335765858,0.12828924033035208,0.01759569560689416,0.0,200.0,23401.0,0.06666666666666667
390.0,2.9999999999999996,0.07712420696405196,0.12353475017577199,0.17162668348515098,0.1744521814611116,0.0908334527950602,0.15575152758087024,0.01759569560689416,0.0,200.0,23461.0,0.06666666666666667
391.0,2.9999999999999996,0.08536631810681135,0.12326187425495848,0.17099411515671475,0.17340944282518334,0.08980140644986391,0.1828731402586933,0.057791819760460196,0.0,200.0,23521.0,0.06666666666666667
392.0,2.9999999999999996,0.09847497309216534,0.12445972346082464,0.17047683796567645,0.17251865415963566,0.08892144289225452,0.20969111031227705,0.057791819760460196,0.0,200.0,23581.0,0.06666666666666667
393.0,2.9999999999999996,0.10869700141456048,0.1283222856440745,0.17028317145597802,0.1717729779567904,0.08818533598821465,0.23626464075310494,0.057791819760460196,0.0,200.0,23641.0,0.06666666666666667
394.0,2.9999999999999996,0.11717200531161652,0.1334259644058867,0.17072018307081996,0.17120534294700665,0.08762676366258079,0.2626480495066575,0.057791819760460196,0.0,200.0,23701.0,0.06666666666666667
395.0,2.9999999999999996,0.12344922528000582,0.1390283264645523,0.17186076262516925,0.1709095451920472,0.0873369625032442,0.28889280898385844,0.057791819760460196,0.0,200.0,23761.0,0.06666666666666667
396.0,2.9999999999999996,0.12811645996017676,0.1447148170512824,0.1737373182675582,0.17103901252487103,0.08745665102173471,0.31509597360130254,0.057791819760460196,0.0,200.0,23821.0,0.06666666666666667
397.0,2.9999999999999996,0.13147266074146588,0.15014675261269292,0.1762598281437429,0.17167864328205704,0.08806678824779386,0.3413912432347785,0.057791819760460196,0.0,200.0,23881.0,0.06666666666666667
398.0,2.9999999999999996,0.13381188151924353,0.15505994157754577,0.1792508839268393,0.17288069893401173,0.08922442075230605,0.3679330952452784,0.057791819760460196,0.0,200.0,23941.0,0.06666666666666667
399.0,2.9999999999999996,0.13539218875974962,0.15932197301324094,0.18251259728671657,0.17464120294020222,0.0909313500073619,0.3948869878764618,0.057791819760460196,0.0,200.0,24001.0,0.06666666666666667
400.0,2.9999999999999996,0.13642860363226708,0.16287329074766052,0.185844227351142,0.17690606293222935,0.09314216657509496,0.4224134607288362,0.057791819760460196,0.0,200.0,24061.0,0.06666666666666667
401.0,2.9999999999999996,0.14868307010718992,0.16573228557498404,0.1890816796605987,0.17957235068439698,0.09575772893538813,0.45069932208001773,0.13110488135426257,0.0,200.0,24121.0,0.06666666666666667
402.0,2.9999999999999996,0.16818818984547257,0.17108671279627066,0.19218124944315415,0.18247234283208097,0.0986452808467551,0.4798323426679877,0.13110488135426257,0.0,200.0,24181.0,0.06666666666666667
403.0,2.9999999999999996,0.18345864791414418,0.18050044050882472,0.19578338173304116,0.18551573141861613,0.10170953661238433,0.5098319300584853,0.13110488135426257,0.0,200.0,24241.0,0.06666666666666667
404.0,2.9999999999999996,0.19475647016738457,0.19107908145547856,0.20060683726509984,0.18876282667287847,0.10501817965261782,0.5407279485147826,0.13110488135426257,0.0,200.0,24301.0,0.06666666666666667
405.0,2.9999999999999996,0.20222077077258596,0.20170981400528787,0.20669005701415635,0.1924011375370216,0.1087957914242006,0.5726654043108746,0.13110488135426257,0.0,200.0,24361.0,0.06666666666666667
406.0,2.9999999999999996,0.20701297586018239,0.211638773768401,0.21386909544155608,0.19678208408193926,0.11337038060278556,0.6058243665315439,0.13110488135426257,0.0,200.0,24421.0,0.06666666666666667
407.0,2.9999999999999996,0.2099007922852642,0.220253749254004,0.22166772086316963,0.20204042101662636,0.11894414391574576,0.6404703935230672,0.13110488135426257,0.0,200.0,24481.0,0.06666666666666667
408.0,2.9999999999999996,0.21152663612755063,0.2272819514209606,0.2295592816799711,0.20820527075035475,0.12556229676383693,0.676913226331366,0.13110488135426257,0.0,200.0,24541.0,0.06666666666666667
409.0,2.9999999999999996,0.21237570464066638,0.2326944739269287,0.23707245975471344,0.21507845010672724,0.13299783441804386,0.7154461684521567,0.13110488135426257,0.0,200.0,24601.0,0.06666666666666667
410.0,2.9999999999999996,0.21277782711083018,0.2366557398365181,0.24388952885247242,0.2222939671599355,0.14099095815489918,0.7262837872305395,0.13110488135426257,0.2,200.0,24661.0,0.06666666666666667
411.0,2.9999999999999996,0.2129464377396978,0.2393969747566897,0.2498095444880829,0.22958479882358102,0.1492108990183621,0.7095608430106657,0.13110488135426257,0.2,200.0,24721.0,0.06666666666666667
412.0,2.9999999999999996,0.21300195396492433,0.2411747277556813,0.2547668299909174,0.23659629230694862,0.1572392968372696,0.6952925938969,0.13110488135426257,0.2,200.0,24781.0,0.06666666666666667
413.0,2.9999999999999996,0.21300807595753282,0.24223537136474235,0.2587933555574402,0.24304636637323404,0.16473901847990602,0.6833781537851512,0.13110488135426257,0.2,200.0,24841.0,0.06666666666666667
414.0,2.9999999999999996,0.21299649141662222,0.24279661613906292,0.26197723027245945,0.2487598589610298,0.17147189157497117,0.6736281475446976,0.13110488135426257,0.2,200.0,24901.0,0.06666666666666667
415.0,2.9999999999999996,0.21298160739748576,0.2430246813500706,0.26443142984507967,0.25364973516282485,0.17725994963853975,0.6657899250024536,0.13110488135426257,0.2,200.0,24961.0,0.06666666666666667
416.0,2.9999999999999996,0.20850428913697058,0.24304387067009714,0.26628603231761794,0.257679616334816,0.18210414604381112,0.6595728514493823,0.1016690780722553,0.2,200.0,25021.0,0.06666666666666667
417.0,2.9999999999999996,0.2008405927481844,0.2416700222990718,0.2676202167383097,0.26095638424768314,0.18607015042337405,0.654702526048856,0.1016690780722553,0.2,200.0,25081.0,0.06666666666666667
418.0,2.9999999999999996,0.19544243876500494,0.2383344921605532,0.2682079842119417,0.2635349904443571,0.18921771560576062,0.6509221465161994,0.1016690780722553,0.2,200.0,25141.0,0.06666666666666667
