time,tank1_depth,pipe1_depth,pipe2_depth,pipe3_depth,pipe4_depth,tank2_inflow,tank2_depth,pump1_flow,pump2_flow,tank_area
0.0,5.23603499343289,0.0,0.0,0.0,0.0,0.0,1.9999999999999996,0.0,0.0,10.011
1.0,5.239197086170161,0.0,0.0,0.0,0.0,0.0,1.9999999999999996,0.0,0.0,10.011
2.0,5.239638688776572,0.0,0.0,0.0,0.0,0.0,1.9999999999999996,0.0,0.0,10.011
3.0,5.239837409949457,0.0,0.0,0.0,0.0,0.0,1.9999999999999996,0.0,0.0,10.011
4.0,5.239926834477256,0.0,0.0,0.0,0.0,0.0,1.9999999999999996,0.0,0.0,10.011
5.0,5.239967075514765,0.0,0.0,0.0,0.0,0.0,1.9999999999999996,0.0,0.0,10.011
6.0,5.239985183981643,0.0,0.0,0.0,0.0,0.0,1.9999999999999996,1.0,0.0,10.011
7.0,5.239993332791739,0.0,0.0,0.0,0.0,0.0,1.9999999999999996,1.0,0.0,10.011
8.0,5.239996999756283,0.13942772022295313,0.0,0.0,0.0,0.0,1.9999999999999996,1.0,0.0,10.011
9.0,5.239998649890326,0.27875647917358715,0.03722808049149023,0.0,0.0,0.0,1.9999999999999996,1.0,0.0,10.011
10.0,5.239999392450646,0.42051935091579035,0.13141203466897475,0.0,0.0,0.0,1.9999999999999996,1.0,0.0,10.011
11.0,5.2399997266027905,0.5086796897789578,0.25656536485236686,0.0,0.0,0.0,1.9999999999999996,1.0,0.0,10.011
12.0,5.239999876971255,0.5578248330953102,0.36870313341396216,0.0,0.0,0.0,1.9999999999999996,0.0,0.0,10.011
13.0,5.239999944637065,0.5816665546154459,0.446899473583798,0.0,0.0,0.0,1.9999999999999996,0.0,0.0,10.011
14.0,5.239999975086678,0.5309398891624844,0.4972103866646441,0.0,0.0,0.0,1.9999999999999996,0.0,0.0,10.011
15.0,5.239999988789005,0.44151669259883997,0.495225578094823,0.0,0.0,0.0,1.9999999999999996,0.0,0.0,10.011
16.0,5.239999994955052,0.358057622276041,0.45059564877116776,0.0,0.0,0.0,1.9999999999999996,0.0,0.0,10.011
17.0,5.2399999977297735,0.29914474371302097,0.3906226963140072,0.0,0.0,0.0,1.9999999999999996,1.0,0.0,10.011
18.0,5.239999998978397,0.2227718884563326,0.34327586750501743,0.0,0.0,0.0,1.9999999999999996,1.0,0.0,10.011
19.0,5.239999999540278,0.25657028514726565,0.2715019819954625,0.0,0.0,0.0,1.9999999999999996,1.0,0.0,10.011
20.0,5.239999999793125,0.34997429068634583,0.23484574028322053,0.06339056423786973,0.0,0.0,1.9999999999999996,1.0,0.0,10.011
21.0,5.239999999906906,0.45235697281352366,0.26788199846304545,0.12558415916246232,0.0,0.0,1.9999999999999996,1.0,0.0,10.011
22.0,5.2399999999581075,0.5236028364088177,0.33890903952735546,0.23517199889000404,0.0,0.0,1.9999999999999996,1.0,0.0,10.011
23.0,5.239999999981149,0.5623302039770314,0.41323667702261413,0.31508340195255014,0.0,0.0,1.9999999999999996,1.0,0.0,10.011
24.0,5.239999999991517,0.5810483778407429,0.46745922843267423,0.36149552724764095,0.0,0.0,1.9999999999999996,1.0,0.0,10.011
25.0,5.239999999996182,0.5894066972102936,0.49945790880395735,0.3760899480131169,0.0,0.0,1.9999999999999996,1.0,0.0,10.011
26.0,5.239999999998282,0.594054589514498,0.5160759271090962,0.36747500662180554,0.0,0.0,1.9999999999999996,1.0,0.0,10.011
27.0,5.239999999999227,0.5960479781821594,0.5244198066313489,0.34590182206171566,0.0,0.0,1.9999999999999996,1.0,0.0,10.011
28.0,5.239999999999651,0.5971042695806794,0.5285030383619939,0.32245073674350655,0.0,0.0,1.9999999999999996,1.0,0.0,10.011
29.0,5.239999999999843,0.5975857754582639,0.5301739935570224,0.31022186879332736,0.02633624130806003,0.0,1.9999999999999996,1.0,0.0,10.011
30.0,5.239999999999928,0.5982586564769695,0.5317903533073843,0.3166341943007169,0.08703974636000139,0.0,1.9999999999999996,1.0,0.0,10.011
31.0,5.239999999999967,0.5985359077473462,0.532762242570548,0.34083108735343476,0.1789362413421355,0.00022429203040021217,2.00015403133643,1.0,0.0,10.011
32.0,5.239999999999985,0.5986572417752806,0.5332684103883295,0.3756520409645501,0.2497428772711861,0.04012247993821774,2.0497261638603144,1.0,0.0,10.011
33.0,5.239999999999993,0.5987055705805857,0.5335173986902221,0.4115568011326236,0.29205883238754615,0.19680220578648525,2.3453796393654915,1.0,0.0,10.011
34.0,5.239999999999997,0.5987273177493135,0.5336330437937996,0.4421493626471595,0.3122234610611751,0.32671222701986746,2.999061523684781,1.0,0.0,10.011
35.0,5.2399999999999975,0.5987355046284822,0.5336862104460935,0.4648788659301993,0.29055603040781364,0.4016339967279351,3.908905970377922,1.0,0.0,10.011
36.0,5.239999999999999,0.5987394312000305,0.5337095972233746,0.4802911954604073,0.28523893228367336,0.381299651745758,4.886446417046842,1.0,0.0,10.011
37.0,5.239999999999999,0.5987407601624727,0.5337200484906759,0.48949377217373,0.3153542920722981,0.322755965437067,4.5182827755009125,1.0,1.0,10.011
38.0,5.239999999999999,0.5987414877518891,0.5337244774366772,0.4956063297251566,0.35569466040215614,0.37522686789224136,2.893160139154261,1.0,1.0,10.011
39.0,5.239999999999999,0.5987416860662887,0.533726443519222,0.49979148036296356,0.3624034780221753,0.5050585162914037,2.7430138213403574,1.0,0.0,10.011
40.0,5.239999999999999,0.5987418281659953,0.5337272465919062,0.5031064823867644,0.3779268048876159,0.5588088245538834,4.0698189038900825,1.0,0.0,10.011
41.0,5.239999999999999,0.5987418517836155,0.5337276082228476,0.5051865124756226,0.3912120677277509,0.5776372103337072,4.240553392811372,1.0,1.0,10.011
42.0,5.239999999999999,0.5987418820007508,0.5337277486422001,0.5063912947387675,0.4171605383172685,0.6251270376138764,3.2464968258849494,1.0,1.0,10.011
43.0,5.239999999999999,0.599861257405153,0.533650070302043,0.5080660552882021,0.46546990614412276,0.7183688102939816,2.426636426425234,0.0,1.0,10.011
44.0,5.239999999999999,0.600147765981087,0.5342823445792193,0.5089794939867243,0.4998179672362174,0.8798255027471515,3.172372150954564,0.0,0.0,10.011
45.0,5.239999999999999,0.5390109224337398,0.5398338691355257,0.5098989828290578,0.45626188603725026,1.0172627739284552,5.539898759558725,0.0,0.0,10.011
46.0,5.239999999999999,0.44458445255666684,0.514831810248811,0.5102977771646978,0.44227841091193903,0.908679876162288,5.6964129606539915,0.0,1.4007796204215746,10.011
47.0,5.239999999999999,0.3594105714553535,0.4595411620546889,0.5104842590307687,0.49249175465128975,0.7912858762583662,5.322998243444998,0.0,1.0,10.011
48.0,5.239999999999999,0.2932145784458943,0.3961446581304053,0.5105032928910894,0.520332168305708,0.9659233997020221,5.020349497306112,0.0,1.0,10.011
49.0,5.239999999999999,0.24902111025451257,0.3371747173022804,0.5103068402932732,0.5426529696701148,1.1399434806569229,5.150314309350601,1.0,1.0,10.011
50.0,5.239999999999999,0.18504582869099,0.29676123655463355,0.5115712743812312,0.5455201574172741,1.1839024287780089,5.555083360433764,1.0,1.0,10.011
51.0,5.239999999999999,0.23057535746520522,0.23064494118159484,0.512385309330864,0.5465888491698873,1.2232539379718077,5.695821557486754,1.0,1.1470220924623673,10.011
52.0,5.239999999999999,0.33321416832871925,0.20317325177317663,0.5107057614750785,0.5184553304917231,1.2021505306632059,5.696469700869039,1.0,1.212702234317507,10.011
53.0,5.239999999999999,0.4441622150174085,0.24279193794450704,0.503083430556233,0.4943035955895667,1.1005706170887863,5.696761365391068,1.0,1.1513605738759964,10.011
54.0,5.239999999999999,0.5198894248414331,0.3220152472986476,0.4863967644158001,0.5042903004338526,1.0125579220844771,5.69689261442598,1.0,1.0565642695866317,10.011
55.0,5.239999999999999,0.5599058019371924,0.4038741528489637,0.46455725241114504,0.510001015232268,1.022758910094519,5.6969516764916905,1.0,1.0176584160894977,10.011
56.0,5.239999999999999,0.5815671362991167,0.4622189609301105,0.441371959925361,0.50366608293072,1.0747943701494023,5.6969782544212615,0.0,1.0487766401219605,10.011
57.0,5.239999999999999,0.5916444677057802,0.49765054299943073,0.41398283689809645,0.4959050419343127,1.042575755010274,5.696990214489568,0.0,1.0586850625798385,10.011
58.0,5.239999999999999,0.5342706353565891,0.5214494138840194,0.3822307362820155,0.48902650199680264,1.0083468730130942,5.696995596520305,0.0,1.0254613140116842,10.011
59.0,5.239999999999999,0.44213933747801487,0.5060015179608371,0.34719670373098893,0.4813220587454827,0.9827279979770913,5.686870956952877,0.0,1.0,10.011
60.0,5.239999999999999,0.3579517802381552,0.4549862122331605,0.3157851235089516,0.46972212266216135,0.9514728914458436,5.604387987725359,0.0,1.0,10.011
61.0,5.239999999999999,0.2922462341349416,0.3936201122655877,0.29773758300252545,0.4561874309290444,0.8997947989441251,5.4186827550860865,0.0,1.0,10.011
62.0,5.239999999999999,0.24208262826219049,0.3370624573704476,0.2982873297830164,0.43957196172604573,0.8659456034895958,5.1265790808229985,0.0,1.0,10.011
63.0,5.239999999999999,0.20922445000710826,0.2877043390780806,0.32201502341726035,0.4204931530630259,0.7917328873696495,4.698772347210731,1.0,1.0,10.011
64.0,5.239999999999999,0.1534109740635369,0.2557810741710199,0.3624900796876514,0.41559260841203954,0.7432100421404098,4.118346822609138,1.0,1.0,10.011
65.0,5.239999999999999,0.20728397800066678,0.1947277410609814,0.4028563788856587,0.3670328139813951,0.6942870028929912,3.4161957484078695,1.0,1.0,10.011
66.0,5.239999999999999,0.31759619605455114,0.17386707876067872,0.42946013590117554,0.32341302361618063,0.6156036297465107,2.553977150616246,1.0,1.0,10.011
67.0,5.239999999999999,0.4373248045728761,0.2189941251019321,0.4384348028490329,0.3328352324105846,0.453491909544291,2.638887772850461,1.0,0.0,10.011
68.0,5.239999999999999,0.5167835441470839,0.30627238049912253,0.4312696390031395,0.3055185053775455,0.4331972774682141,3.7459040882232153,1.0,0.0,10.011
69.0,5.239999999999999,0.5585483653462624,0.3953763503180002,0.4164283436190016,0.2875170698517294,0.4286371537589187,4.82203679373251,1.0,0.0,10.011
70.0,5.239999999999999,0.5818225383971155,0.4574350831571549,0.39878497851960265,0.319308417188169,0.3477799589438936,4.544720312334925,0.0,1.0,10.011
71.0,5.239999999999999,0.5921360914371105,0.4959996381047723,0.37877907400735816,0.35805475636265344,0.3839369962759462,2.9612674212031758,0.0,1.0,10.011
72.0,5.239999999999999,0.5349928554948546,0.5215246783477168,0.35246465431106905,0.3910584992916963,0.5170684186059076,2.837497444913435,0.0,0.0,10.011
73.0,5.239999999999999,0.4432910976558486,0.5063630859060585,0.3207564775504026,0.4129778322397587,0.6197132656597599,4.254803570111385,0.0,0.0,10.011
74.0,5.239999999999999,0.3588962773100085,0.4556311729834174,0.289647037066804,0.38272809492166593,0.6930628447128969,4.645758870183071,0.0,1.0,10.011
75.0,5.239999999999999,0.2995556204248532,0.39304510125623404,0.2696879260840859,0.3668839760619587,0.6431478152202872,3.818219063617358,1.0,1.0,10.011
76.0,5.239999999999999,0.22297404906655377,0.3445090572968485,0.26940157706135204,0.39487240408795515,0.5586419133333579,2.821680532365899,1.0,1.0,10.011
77.0,5.239999999999999,0.25615358327162835,0.2717345497839851,0.2946959530351406,0.35238685970761807,0.6083822791720791,3.0287002637148954,1.0,0.0,10.011
78.0,5.239999999999999,0.3503124253461799,0.23595026390666596,0.3393471833509835,0.31722112983277256,0.5823328031451327,4.515109564427494,1.0,0.0,10.011
79.0,5.239999999999999,0.4525122375996355,0.26859453183563653,0.38646028542912564,0.34208332233238314,0.43050972444432994,4.53156696096094,1.0,1.0,10.011
80.0,5.239999999999999,0.5233442762817866,0.33907343431304854,0.41830402524556715,0.35473793054217945,0.44464803371238165,3.1288250614337483,1.0,1.0,10.011
81.0,5.239999999999999,0.5614138396616782,0.4131979549987911,0.4321824790015133,0.3319538732347937,0.5276065616948361,1.8454645009134731,1.0,1.0,10.011
82.0,5.239999999999999,0.5811008396397573,0.46686949647587833,0.43206278075498045,0.29591193993670306,0.4855768114124085,1.8603186233433782,1.0,0.0,10.011
83.0,5.239999999999999,0.590558690021379,0.49916862626973246,0.4172010954361981,0.28109216641652107,0.39229485059508723,2.956257707053084,1.0,0.0,10.011
84.0,5.239999999999999,0.5945407937307965,0.5162509981868396,0.3921916315236492,0.2935255571945803,0.3281977287964128,3.856032388751225,1.0,0.0,10.011
85.0,5.239999999999999,0.596332450677976,0.5247678821286922,0.36150850695708603,0.3271021477900765,0.33892388138879503,4.689068655089538,1.0,0.0,10.011
86.0,5.239999999999999,0.5972370253210082,0.5287966225828524,0.3337998229285737,0.3742993566764032,0.42061187614758366,4.390569032244381,1.0,1.0,10.011
87.0,5.239999999999999,0.6000118710492532,0.5309682131321983,0.31844767333531887,0.41992449822646266,0.5576391315423012,3.1146327749442397,0.0,1.0,10.011
88.0,5.239999999999999,0.5992883214537839,0.533082015699868,0.32255132971821493,0.4514892182441434,0.7211234778633383,2.2137926055618604,0.0,1.0,10.011
89.0,5.239999999999999,0.5387197777525453,0.5389124443200413,0.3448120826486539,0.4682870583503602,0.8423548050341154,2.9155024420658813,0.0,0.0,10.011
90.0,5.239999999999999,0.4445695830151067,0.5146810542142073,0.3782017271801705,0.4680402320817512,0.9029331884939507,5.094247358614277,0.0,0.0,10.011
91.0,5.239999999999999,0.35941910178301617,0.4594676199004768,0.4131343408552934,0.46053925488124353,0.90764320951664,5.695986463875557,0.0,1.1645826022373074,10.011
92.0,5.239999999999999,0.2932176782109572,0.3961208811275329,0.44315619110067606,0.44608334955464934,0.8749273927997501,5.426522570678417,0.0,1.0,10.011
93.0,5.239999999999999,0.24277959007516114,0.3385940701237489,0.465522648421048,0.380872508294089,0.8106666898187148,5.033598146415015,0.0,1.0,10.011
94.0,5.239999999999999,0.20977284923514516,0.2887161568325194,0.4828365923440261,0.33038685500964565,0.6625743511125847,4.376318211126993,1.0,1.0,10.011
95.0,5.239999999999999,0.15448783883909428,0.2569737775192645,0.49575558139906967,0.33082174153750143,0.4688716957112315,3.291533090549164,1.0,1.0,10.011
96.0,5.239999999999999,0.20815823942976477,0.19602841921362332,0.5014521144431825,0.3165310778348393,0.4346323477709813,1.9226343163132007,1.0,1.0,10.011
97.0,5.239999999999999,0.31817005130395576,0.1748797832455555,0.49657100683818034,0.33369478095794697,0.4379017199359688,1.7630389662829078,1.0,0.0,10.011
98.0,5.239999999999999,0.43757947006296694,0.2198216871036212,0.48295280006893015,0.3772157241245297,0.4410885676968733,2.8591409191534436,1.0,0.0,10.011
99.0,5.239999999999999,0.5168961553453809,0.3068637050024156,0.46127560031496506,0.4215023979046634,0.5627340220965417,4.11242139294027,1.0,0.0,10.011
100.0,5.239999999999999,0.5585971848923977,0.39568646260981255,0.43637368469989946,0.4700271117798501,0.7351450066581982,4.484683079438387,1.0,1.0,10.011
101.0,5.239999999999999,0.5810192842663621,0.4576440955771436,0.41273324837562503,0.49941593532503886,0.9023254199259306,4.03340616605524,0.0,1.0,10.011
102.0,5.239999999999999,0.5914188300648169,0.4956395670699851,0.3874916997662587,0.4985204537490809,1.0266779500539902,3.9447402119511836,0.0,1.0,10.011
103.0,5.239999999999999,0.534771989890261,0.5205285147182928,0.3584818539119048,0.5055954165327343,1.0337994547262888,4.018890593573888,0.0,1.0,10.011
104.0,5.239999999999999,0.44264866211012793,0.5059129039648185,0.3251212717006615,0.48695871202935465,1.028892818779591,4.097135543269586,0.0,1.0,10.011
105.0,5.239999999999999,0.35826455377573807,0.45523684751261667,0.2928515566051903,0.4558604078590784,0.989410021454605,4.119680124202195,0.0,1.0,10.011
106.0,5.239999999999999,0.2924298502451094,0.39389595876500266,0.27159157991145627,0.4410187712507806,0.8563984169819141,3.9288322663084165,0.0,1.0,10.011
107.0,5.239999999999999,0.24841230632543976,0.33585594256373374,0.27096575898512054,0.3949802978618214,0.7975195907198123,3.4967171317463372,1.0,1.0,10.011
108.0,5.239999999999999,0.1845849742497895,0.2959078699344953,0.29601839917481004,0.3704752978074566,0.6874674711360368,2.8540130281868454,1.0,1.0,10.011
109.0,5.239999999999999,0.23022874314973688,0.23001569550804588,0.3402966959178511,0.38076055259161995,0.5690103940497878,3.1719829419275305,1.0,0.0,10.011
110.0,5.239999999999999,0.3329884028213164,0.20267540992089456,0.38663662090591533,0.3341930866773227,0.584015641894806,4.611784136264439,1.0,0.0,10.011
111.0,5.239999999999999,0.44405548742257506,0.24242591940960875,0.419414490440842,0.29430768406145263,0.5287432722096929,4.752490028431548,1.0,1.0,10.011
112.0,5.239999999999999,0.5198409444036906,0.3217707900670047,0.43142876728680385,0.3104366666971767,0.37683439711784694,3.388176595631083,1.0,1.0,10.011
113.0,5.239999999999999,0.5606903713350125,0.40414125229473374,0.4285789283736632,0.28911863025396195,0.36796114179654565,1.821048611055302,1.0,1.0,10.011
114.0,5.239999999999999,0.5811782879134626,0.46283416508094666,0.41789923362707765,0.2680552658268247,0.3877764307787312,1.516013453548667,1.0,0.0,10.011
115.0,5.239999999999999,0.5906629657582837,0.49773016078287796,0.39930520612341786,0.29363134649323513,0.29976349284179205,2.3727012011731627,1.0,0.0,10.011
116.0,5.239999999999999,0.5945973923820663,0.515796752826333,0.37234822127079575,0.29224047232180206,0.32252576528542487,3.1497683592619503,1.0,0.0,10.011
117.0,5.239999999999999,0.5963582698619049,0.5246462042581141,0.3402185519516041,0.31196378606383396,0.3607965267233241,4.002925069420309,1.0,0.0,10.011
118.0,5.239999999999999,0.5972480923005705,0.5283973751327159,0.31033207096969234,0.3739127150073122,0.37891211542138215,3.6797764720928745,1.0,1.0,10.011
119.0,5.239999999999999,0.599187821469904,0.5305191778004124,0.2924910703991493,0.40990070327317646,0.5368476492396279,2.32577865330352,0.0,1.0,10.011
120.0,5.239999999999999,0.5993859463780551,0.5324225202648284,0.29530488333676547,0.38770707916259417,0.6995977236072575,2.6188859340789947,0.0,0.0,10.011
121.0,5.239999999999999,0.5384826873834944,0.5383670535521671,0.3195371149853566,0.3709110869078597,0.6563066433361417,4.311721527234782,0.0,0.0,10.011
122.0,5.239999999999999,0.4450716461801206,0.5142979528332297,0.3575319236758112,0.37068132645875235,0.5690013680050533,4.593272971459727,0.0,1.0,10.011
123.0,5.239999999999999,0.36000149422410616,0.45947166219716146,0.39819706070453065,0.36663719591103594,0.5653973696333092,3.5143333361857985,0.0,1.0,10.011
124.0,5.239999999999999,0.2936225131548354,0.3964143150322339,0.4333410221142124,0.32111073314176264,0.5665220326050515,2.4304286480807873,0.0,1.0,10.011
125.0,5.239999999999999,0.24304882621530524,0.3389183800321098,0.45922681601581083,0.2847668382637555,0.47915161451113253,2.48559997837115,0.0,0.0,10.011
126.0,5.239999999999999,0.20995580765138488,0.28900298288035686,0.47881964463491816,0.30473615693459655,0.35528782211852006,3.5277512133909408,1.0,0.0,10.011
127.0,5.239999999999999,0.1546097651235211,0.25719317822042703,0.4920853951885935,0.2873321955008771,0.35169728773592296,4.410632172319562,1.0,0.0,10.011
128.0,5.239999999999999,0.20758764160438942,0.1957237756696153,0.49929949208649166,0.28565491849548913,0.3687468120871859,4.062825655012815,1.0,1.0,10.011
129.0,5.239999999999999,0.3178130713158739,0.17454326044249888,0.4962662370094921,0.3281188546376015,0.32708895280177813,2.4350584231366295,1.0,1.0,10.011
130.0,5.239999999999999,0.43742577414806355,0.21949398327052375,0.48306347186945436,0.38027843393931654,0.40685658482377934,2.102869081240986,1.0,0.0,10.011
131.0,5.239999999999999,0.5168290233840217,0.30659566199708566,0.46140857819856845,0.43916359383176434,0.5855300293661906,3.339806695390371,1.0,0.0,10.011
132.0,5.239999999999999,0.5585682388996687,0.3955354784863465,0.4364808691752129,0.4556144092106585,0.7669485958833152,5.028205491594524,1.0,0.0,10.011
133.0,5.239999999999999,0.5799090515212689,0.45764517399266386,0.4128448317161864,0.46370001873333555,0.8812925023496975,5.69587541364806,1.0,1.0568204571857784,10.011
134.0,5.239999999999999,0.5896360577440002,0.49471426360163273,0.3876151453225516,0.48299061802365767,0.8838585903237848,5.404852969002418,1.0,1.0,10.011
135.0,5.239999999999999,0.5945928354382893,0.514444807078407,0.3586053981347093,0.48288304231393736,0.938961316464973,5.183360420962339,1.0,1.0,10.011
136.0,5.239999999999999,0.5967883610219089,0.5245458676316219,0.32523162894989316,0.48735149126158606,0.9797620265197483,5.081895077338886,1.0,1.0,10.011
137.0,5.239999999999999,0.5974232391141043,0.5286299855963549,0.29294311070146134,0.4581601371357633,0.9579595265817101,5.003935734794292,1.0,1.0,10.011
138.0,5.239999999999999,0.5977192544806222,0.5307915121056194,0.2717329911248418,0.4257466023762525,0.8910527309140331,4.815462568229726,1.0,1.0,10.011
139.0,5.239999999999999,0.5983139007196884,0.5320854138475374,0.27142088468011366,0.4206725627457399,0.7577764033722199,4.377012907714558,1.0,1.0,10.011
140.0,5.239999999999999,0.5996607738417568,0.5328214016152205,0.2952957017788232,0.3854565357060213,0.7188055017132665,3.723820898307611,0.0,1.0,10.011
141.0,5.239999999999999,0.5995667633080488,0.5335068756166963,0.3362961792127802,0.3564544823931648,0.6548482141516693,2.9412407340956985,0.0,1.0,10.011
142.0,5.239999999999999,0.5389818159562838,0.5391906945881121,0.382377567891829,0.3594020869646449,0.5337994788553923,3.175320667217114,0.0,0.0,10.011
143.0,5.239999999999999,0.4454332038252661,0.5144529110391554,0.42294999496335667,0.3203394726985947,0.5197751655336885,4.490723771453403,0.0,0.0,10.011
144.0,5.239999999999999,0.36015698733905877,0.4597481396970382,0.4536311654210964,0.28120389328407125,0.4802159335921646,4.491265510411396,0.0,1.0,10.011
145.0,5.239999999999999,0.2936761966450591,0.396626545407205,0.47389789008768485,0.291312812052193,0.352132893920808,3.0348514168747838,0.0,1.0,10.011
146.0,5.239999999999999,0.24305249128607265,0.339046219254775,0.487199890518462,0.2715257227475894,0.32349502735527147,1.381354570798449,0.0,1.0,10.011
147.0,5.239999999999999,0.2043917024698497,0.29041001298382046,0.49745015281688637,0.2667600484343331,0.3298542915399428,0.9479951505425689,0.0,0.0,10.011
148.0,5.239999999999999,0.1750388229106488,0.25067338721729093,0.504924010972437,0.2998487534169759,0.2858953305849785,1.7155253110771096,0.0,0.0,10.011
149.0,5.239999999999999,0.15175755618970438,0.2184838027806137,0.5069032533696703,0.35204619580430935,0.33590181881619124,2.49191101029404,0.0,0.0,10.011
150.0,5.239999999999999,0.13297779268176396,0.19172076140536737,0.5006827569924265,0.4171320242298111,0.4892730010810562,3.5220540078554867,0.0,0.0,10.011
151.0,5.239999999999999,0.11756272463380643,0.1703155586496329,0.4857536671994106,0.46199136768514976,0.6898329313933413,4.993982390637642,0.0,0.0,10.011
152.0,5.239999999999999,0.10422150645486893,0.15212133200123998,0.4639835566075239,0.40360717677644065,0.8713108668323457,5.694575995437557,0.0,1.0,10.011
153.0,5.239999999999999,0.09695626440786735,0.1355220431828922,0.43819928937551034,0.3966252881836993,0.7516715849600423,5.22579152555724,1.0,1.0,10.011
154.0,5.239999999999999,0.0633162740481072,0.12833628332353314,0.41079105091730594,0.4740153451033274,0.635359401618006,4.460212308049263,1.0,1.0,10.011
155.0,5.239999999999999,0.13942772022295313,0.07865627806441483,0.38364264539765314,0.4841864524661903,0.8762935909832685,3.85089584947226,1.0,1.0,10.011
156.0,5.239999999999999,0.27875647917358715,0.09125281920358806,0.35696345760309767,0.4699232936127306,1.0107286647844256,3.70998245339557,1.0,1.0,10.011
157.0,5.239999999999999,0.42051935091579035,0.13443575018251486,0.333382237492794,0.4714576363009635,0.9056748080744942,3.605298255609898,1.0,1.0,10.011
158.0,5.239999999999999,0.5086796897789578,0.2569211548388392,0.31015789576395875,0.4553045263589559,0.9007861934276314,3.3636700567318703,1.0,1.0,10.011
159.0,5.239999999999999,0.5558275712685338,0.36898610244957997,0.2864448164199809,0.434641055272216,0.8605586385263334,3.065889498166174,1.0,1.0,10.011
160.0,5.239999999999999,0.5791451001468472,0.44595917871443336,0.2692441130321235,0.41778380246293095,0.7791036502979828,2.615603827004216,1.0,1.0,10.011
161.0,5.239999999999999,0.5893912505241617,0.4899356952200832,0.2574110031666684,0.4007915917350402,0.7297452051193779,3.249140467428538,1.0,0.0,10.011
162.0,5.239999999999999,0.5945061842449024,0.512576897528171,0.2465062709837365,0.39060775453789337,0.6663764544671192,4.992122198816896,1.0,0.0,10.011
163.0,5.239999999999999,0.5963209509377148,0.5234737517639738,0.23094412306577544,0.3382565876893454,0.6359616124254462,5.370312400943044,1.0,1.0,10.011
164.0,5.239999999999999,0.5976689262750527,0.5287131830944642,0.20666351465964258,0.30150741635794004,0.5275291147320049,4.327251610587063,1.0,1.0,10.011
165.0,5.239999999999999,0.5982569632018366,0.5313422722835813,0.1777660518891185,0.31781883156212803,0.3852797632636677,2.969993880081819,1.0,1.0,10.011
166.0,5.239999999999999,0.6004636328665919,0.5324749815245351,0.16287811529396967,0.29653091079991767,0.3885526960351505,2.687626383046996,0.0,0.0,10.011
167.0,5.239999999999999,0.5994649335427981,0.5338792442861058,0.17995130207154655,0.26646808419322743,0.4046906309280186,3.6762832880619,0.0,0.0,10.011
168.0,5.239999999999999,0.5382058833769106,0.5393525993953302,0.2298088198498027,0.27320000183459753,0.3177336950683155,4.578386996298719,0.0,0.0,10.011
169.0,5.239999999999999,0.4449021825774993,0.5144773071529691,0.3005243369086352,0.25229929559982234,0.2892276699158572,4.089135725978822,0.0,1.0,10.011
170.0,5.239999999999999,0.35991579000800294,0.4594332650727517,0.3697578634070373,0.22931579955393971,0.29710489099688364,2.324505289024445,0.0,1.0,10.011
171.0,5.239999999999999,0.2935790682576829,0.39634611079037463,0.42242690165535807,0.23478518403411947,0.23480042363968043,1.7396786322026192,0.0,0.0,10.011
172.0,5.239999999999999,0.2492656760051281,0.3374529338889584,0.45696494833513523,0.21948122911288415,0.21173183388735348,2.2953097228347406,1.0,0.0,10.011
173.0,5.239999999999999,0.18521346887941284,0.297002099282481,0.4799347397049552,0.1906295938996528,0.22321753696799845,2.8384201273095213,1.0,0.0,10.011
174.0,5.239999999999999,0.23070333303472265,0.23084769004275413,0.49496973826365964,0.1922253033541667,0.1792272933062783,3.34099169292158,1.0,0.0,10.011
175.0,5.239999999999999,0.333294833518704,0.20334027742216904,0.5016058091317215,0.19002984683278,0.14011135929454263,3.7399010034730873,1.0,0.0,10.011
176.0,5.239999999999999,0.4441996867233441,0.24291622456434028,0.49805550814108845,0.2200113843816029,0.1404112584232472,4.090250771856874,1.0,0.0,10.011
177.0,5.239999999999999,0.5195857748344873,0.32184762013852897,0.48304607483145184,0.29685609731353463,0.1613204222666923,3.2196238319144928,1.0,1.0,10.011
178.0,5.239999999999999,0.562577782817588,0.4034121110638261,0.4626076303469057,0.3881884442792105,0.2944681737996942,1.2922807367813092,0.0,1.0,10.011
179.0,5.239999999999999,0.5836540730130779,0.46295527511220447,0.4401784261661264,0.45256418445478414,0.5935537858793155,1.1521756407980352,0.0,0.0,10.011
180.0,5.239999999999999,0.5311658949833572,0.5043601147330287,0.41385832096927466,0.41164572497887836,0.8305830123083213,2.9278728075580998,0.0,0.0,10.011
181.0,5.239999999999999,0.4413135979345309,0.49802715419011245,0.38140161664032124,0.4066237342049606,0.7715367117147774,4.92815190302654,0.0,0.0,10.011
182.0,5.239999999999999,0.3578842192442842,0.4514935883110953,0.34685531420092375,0.4717296731025354,0.6711174186141613,5.481444368637236,0.0,1.0,10.011
183.0,5.239999999999999,0.2990295953502062,0.3908676320815184,0.3158149216689802,0.49286372071764256,0.8789199052372096,4.921484143675207,1.0,1.0,10.011
184.0,5.239999999999999,0.22269881368850564,0.3433139929622369,0.2956640593969099,0.4795408323218578,1.026107540033021,4.802948263902039,1.0,1.0,10.011
185.0,5.239999999999999,0.25652250873253346,0.2714757424524651,0.29732486713692285,0.4555750945564363,0.9460970751021821,4.767908412925843,1.0,1.0,10.011
186.0,5.239999999999999,0.3499439251485551,0.2348087812521195,0.32437519072226034,0.4402157520387428,0.8635673908877879,4.530482196645102,1.0,1.0,10.011
187.0,5.239999999999999,0.45234228023336964,0.26785032151572336,0.36298698190340156,0.42719337893255266,0.798627365146544,4.108509843628726,1.0,1.0,10.011
188.0,5.239999999999999,0.5235962936892027,0.3388852932024675,0.3951744859732671,0.3825980116694888,0.7494384585677576,3.5444521706324985,1.0,1.0,10.011
189.0,5.239999999999999,0.5623273779222869,0.4132229503139607,0.41330643580988774,0.34741083720170407,0.6453891956694425,2.7884403611824298,1.0,1.0,10.011
190.0,5.239999999999999,0.5810471961025419,0.4674521077553052,0.4176616863293464,0.33827447931019866,0.5129139804741434,2.9847929493947616,1.0,0.0,10.011
191.0,5.239999999999999,0.5897975387528315,0.4990475239428327,0.40817719500415595,0.29444950125964187,0.47352943079377563,4.216296245364242,1.0,0.0,10.011
192.0,5.239999999999999,0.5945995042504073,0.5161107235982343,0.3860475932171495,0.2750252364811222,0.41297020369041887,4.076678302639803,1.0,1.0,10.011
193.0,5.239999999999999,0.5967795457651102,0.5251253289269232,0.3565210561046286,0.3095456720751562,0.31424908758095466,2.487484927416087,1.0,1.0,10.011
194.0,5.239999999999999,0.5978538680799762,0.5295664176869591,0.3304929643731717,0.34957079449939504,0.35570068033817703,2.074867026071536,1.0,0.0,10.011
195.0,5.239999999999999,0.5983321241162752,0.531750504266709,0.3166844335737484,0.3608844503876504,0.48847164242594127,3.127430919338506,1.0,0.0,10.011
196.0,5.239999999999999,0.5985646440637382,0.5324168934179464,0.3211520080522602,0.37192958372794177,0.5484556606764078,4.421982593675457,1.0,0.0,10.011
197.0,5.239999999999999,0.5986612405745027,0.5331677589226618,0.34370881372470075,0.3706671820443579,0.5503047332372087,4.545245625912453,1.0,1.0,10.011
198.0,5.239999999999999,0.5987085559420224,0.5334856655520149,0.3774030714340692,0.3653962071562699,0.5839324339152687,3.4660805202212783,1.0,1.0,10.011
199.0,5.239999999999999,0.5987265754969023,0.5336239486193501,0.4126780290663899,0.37044532719503687,0.543667435720882,2.3767862597297413,1.0,1.0,10.011
200.0,5.239999999999999,0.5987359150640197,0.533682712229455,0.44315191305583607,0.3734911399671397,0.5646433841071916,2.5100849989972,1.0,0.0,10.011
201.0,5.239999999999999,0.5987390233508418,0.5337086209262332,0.46581564227170724,0.3265946232063537,0.5754809220680196,3.933712535936381,1.0,0.0,10.011
202.0,5.239999999999999,0.5987408713174379,0.5337194847631227,0.4811515064728665,0.29524564102483564,0.49919743795685667,5.275646289802171,1.0,0.0,10.011
203.0,5.239999999999999,0.5987413495574472,0.5337243410271724,0.4911705081542272,0.32230925751249434,0.3709657323549829,5.11514675357397,1.0,1.0,10.011
204.0,5.239999999999999,0.5987417289716584,0.5337263187120627,0.49726571903296524,0.35764911683618655,0.39108850622861735,3.569982950625204,1.0,1.0,10.011
205.0,5.239999999999999,0.598741784789301,0.5337272261174281,0.5004344601864513,0.39013229918462805,0.5185491386872331,2.2083885990117538,1.0,1.0,10.011
206.0,5.239999999999999,0.5987418685699093,0.533727576855317,0.5031038495192813,0.4155288213891249,0.6231530507197326,2.383633344884105,1.0,0.0,10.011
207.0,5.239999999999999,0.5987418683195318,0.5337277468146249,0.5049399934832076,0.4523973319782799,0.7068931610171434,4.0437644573514655,1.0,0.0,10.011
208.0,5.239999999999999,0.5987418887683245,0.5337278065402024,0.5063811707700429,0.4797773319759211,0.838657554913286,4.725063142711238,1.0,1.0,10.011
209.0,5.239999999999999,0.598741885276357,0.5337278388868821,0.5074062248404346,0.4799886296049509,0.942234983299971,4.453645308617197,1.0,1.0,10.011
210.0,5.239999999999999,0.5987418908245977,0.5337278483406223,0.5080264069609056,0.47737166557252486,0.9587079386903153,4.329977512403707,1.0,1.0,10.011
211.0,5.239999999999999,0.5987418890396089,0.5337278547371643,0.5091256801562771,0.4791820960026503,0.9367110488794852,4.1994523068677525,1.0,1.0,10.011
212.0,5.239999999999999,0.598741890684245,0.5337278559999643,0.5099751300610421,0.4815545448899682,0.9451414191494425,4.052071304823774,1.0,1.0,10.011
213.0,5.239999999999999,0.5987418899728707,0.5337278573538965,0.5103714700468295,0.48352584400840987,0.9530364537813739,3.924765402830184,1.0,1.0,10.011
214.0,5.239999999999999,0.6006901546165986,0.533592543708453,0.5105357040936795,0.48591129602673216,0.9570514144594999,3.812373849223414,0.0,1.0,10.011
215.0,5.239999999999999,0.6004371038089233,0.534342160247447,0.5106027159211295,0.4873193390745366,0.9666268892422573,3.716934609142591,0.0,1.0,10.011
216.0,5.239999999999999,0.5392073123572596,0.5400192459952708,0.5106309380763638,0.48915284880360793,0.9775364709011889,3.6470019263995876,0.0,1.0,10.011
217.0,5.239999999999999,0.44452648667412203,0.5154269965604797,0.5106447717266,0.49028355309241145,0.9843552316436134,3.5997221749939468,0.0,1.0,10.011
218.0,5.239999999999999,0.35909941449143196,0.45978717645482775,0.5106631467064877,0.4913747372304001,0.9889287383701998,3.5661069425554333,0.0,1.0,10.011
219.0,5.239999999999999,0.29283552494324994,0.39614362693217114,0.5105455528507036,0.4922156694157233,0.9929052430765881,3.543748454647006,0.0,1.0,10.011
220.0,5.239999999999999,0.2416671851348395,0.33861257431670094,0.5098962951808372,0.4926828016624346,0.996379298625572,3.5300006590358466,0.0,1.0,10.011
221.0,5.239999999999999,0.2031270482120501,0.2897164306091649,0.5102879101716737,0.4929187807565003,0.9982782985531081,3.523403574481288,0.0,1.0,10.011
222.0,5.239999999999999,0.17402953705560512,0.2498172879138656,0.5119292766866193,0.49303366011704136,0.999118581299534,3.520283948130151,0.0,1.0,10.011
223.0,5.239999999999999,0.15095987788589205,0.21768734911625834,0.5110661881649674,0.49307374849198116,0.9995976174975952,3.518966632655113,0.0,1.0,10.011
224.0,5.239999999999999,0.13238617517716564,0.19095082532179572,0.5036386222253932,0.4930324102828092,0.9997186842083129,3.5179043145928675,0.0,1.0,10.011
225.0,5.239999999999999,0.12050438364854585,0.16884107652701913,0.48730405419937656,0.4929249339362152,0.9995730228663017,3.516939855136615,1.0,1.0,10.011
226.0,5.239999999999999,0.0764165074899783,0.15724801463540386,0.46505881103993424,0.49290717530254236,0.9991813568678884,3.5156504254138214,1.0,1.0,10.011
227.0,5.239999999999999,0.13942772022295313,0.09492723674356451,0.43888435136158416,0.492983259261644,0.9990483156619708,3.5130462164645615,1.0,1.0,10.011
228.0,5.239999999999999,0.27875647917358715,0.10284527381940607,0.41107292132862117,0.4923912799353099,0.9991081616453477,3.510683121784674,1.0,1.0,10.011
229.0,5.239999999999999,0.42051935091579035,0.15325439647915112,0.3844016485113403,0.4889877838716752,0.996395987533342,3.505035670673281,1.0,1.0,10.011
230.0,5.239999999999999,0.5086796897789578,0.26218931814693874,0.3572184209607336,0.4815871298470507,0.9794374763017962,3.4748617336580594,1.0,1.0,10.011
231.0,5.239999999999999,0.5558275712685338,0.3711111406211872,0.33109932964915145,0.4702342511998772,0.9447297185924305,3.3803985890625414,1.0,1.0,10.011
232.0,5.239999999999999,0.5791451001468472,0.44679018562847034,0.31098442936910925,0.45446295295595884,0.918112308445944,3.2089914385028293,1.0,1.0,10.011
233.0,5.239999999999999,0.5893912505241617,0.4902501708939858,0.295789888717309,0.43495208137158275,0.8530106938569018,2.923636934909476,1.0,1.0,10.011
234.0,5.239999999999999,0.5945061842449024,0.5126892058601108,0.2787874338852517,0.41575444698905833,0.7896674722424278,3.7244252492409196,1.0,0.0,10.011
235.0,5.239999999999999,0.5963209509377148,0.5231429289373307,0.25750135139563024,0.3979635521479924,0.717101293086123,5.604999003875928,1.0,0.0,10.011
236.0,5.239999999999999,0.5976689262750527,0.5285993039260167,0.22869322242355974,0.3978222737329965,0.664059320758186,5.696236045290919,1.0,1.1543096831553248,10.011
237.0,5.239999999999999,0.5982569632018366,0.5313031473882268,0.20183446151863094,0.3507049992679784,0.6413956878090342,4.830428346759993,1.0,1.0,10.011
238.0,5.239999999999999,0.5985339853900661,0.5325955603172047,0.19132383948549495,0.3095299067521187,0.5682803216935477,3.8437004273511954,1.0,1.0,10.011
239.0,5.239999999999999,0.5986487127309339,0.5332100745809626,0.2100241911299474,0.3228008311918196,0.41743143242295366,2.5774449072032373,1.0,1.0,10.011
240.0,5.239999999999999,0.598703432528379,0.5334924127807216,0.2581313484421457,0.29915330745707835,0.40273890482423863,2.3527885669851853,1.0,0.0,10.011
241.0,5.239999999999999,0.598724479394556,0.5336230806605482,0.322625003964555,0.2706857129483822,0.41470163355437417,3.371852183869219,1.0,0.0,10.011
242.0,5.239999999999999,0.5987350573437186,0.5336811105627274,0.38375516515160507,0.2771023030087626,0.3229374531719569,4.2929620787987774,1.0,0.0,10.011
243.0,5.239999999999999,0.5987386723431231,0.533707537279069,0.43038637217406367,0.25509072760746415,0.29989152989031925,3.8235045900264,1.0,1.0,10.011
244.0,5.239999999999999,0.5987407276674996,0.5337188941878552,0.4616319834634559,0.22476142513518077,0.3029972705784352,2.0795643845010927,1.0,1.0,10.011
245.0,5.239999999999999,0.600671780059312,0.5335899695945754,0.4812615018924557,0.22525209835543586,0.23573947598860168,1.5032689329566127,0.0,0.0,10.011
246.0,5.239999999999999,0.5999848446634525,0.534764546895662,0.4921982685183009,0.2073356502537648,0.1988230654073224,2.043993795419047,0.0,0.0,10.011
247.0,5.239999999999999,0.5382358216040232,0.5396136428330041,0.4983354115478758,0.21209468199485898,0.19616483268113633,2.5372660829297047,0.0,0.0,10.011
248.0,5.239999999999999,0.44494886050240007,0.5142081820545792,0.50187162791679,0.2660162023418156,0.17248441931421885,2.9976267466935873,0.0,0.0,10.011
249.0,5.239999999999999,0.35991527276042157,0.45935877466416164,0.5040393468400451,0.3246110128001967,0.23043788339444818,3.500654349826695,0.0,0.0,10.011
250.0,5.239999999999999,0.29353444499838566,0.3963344183515567,0.5059670429757479,0.3851879618714232,0.404061497780273,4.29315424675929,0.0,0.0,10.011
251.0,5.239999999999999,0.2429599723505465,0.3388521452895855,0.507823978883526,0.43700389158633673,0.5919085219433753,4.289619872878701,0.0,1.0,10.011
252.0,5.239999999999999,0.2043218118826144,0.290272805939653,0.5097786264133304,0.46111020737648434,0.7798448211058201,3.5048712525175785,0.0,1.0,10.011
253.0,5.239999999999999,0.17498814730496473,0.2505749379792731,0.5126801117098773,0.4711683247094002,0.8859528652075817,3.087685814032523,0.0,1.0,10.011
254.0,5.239999999999999,0.1517184781663138,0.21841503212851537,0.5106633911955649,0.47740596149576575,0.9106010695036069,2.8339068305863373,0.0,1.0,10.011
255.0,5.239999999999999,0.13294866945947925,0.19166706742155645,0.5016022775585494,0.48149346013951866,0.9364120752418822,3.8897584993053984,0.0,0.0,10.011
256.0,5.239999999999999,0.1175387496332887,0.170274634669063,0.4854510943344902,0.48552944096739525,0.9549272752675344,5.69563249533996,0.0,0.22229805952598566,10.011
257.0,5.239999999999999,0.10490852285443932,0.15168568225973172,0.46392092567451426,0.48801200485995105,0.9699426703889527,5.696384622902982,0.0,1.4624349728282435,10.011
258.0,5.239999999999999,0.09746433374371123,0.13555790637494536,0.43823378288693204,0.4899896714937393,0.9808324153056255,5.636659286616283,1.0,1.0,10.011
259.0,5.239999999999999,0.06363391341122632,0.12857695064176972,0.41080739341643513,0.49044322189828393,0.9867638901139649,5.595843676944436,1.0,1.0,10.011
260.0,5.239999999999999,0.13942772022295313,0.07793886163619641,0.3837153112275681,0.48663975569413337,0.9888818658835521,5.565242297559934,1.0,1.0,10.011
261.0,5.239999999999999,0.27875647917358715,0.0907218822108682,0.3571346599472455,0.47799395226392344,0.9748443779610804,5.520221014138054,1.0,1.0,10.011
262.0,5.239999999999999,0.42051935091579035,0.13220152180486205,0.3337462974463173,0.46793389140132163,0.9427371895384715,5.4173263541982655,1.0,1.0,10.011
263.0,5.239999999999999,0.5086796897789578,0.2566134496072671,0.3108228774437506,0.4547762105187155,0.8926614088026681,5.211710319047602,1.0,1.0,10.011
264.0,5.239999999999999,0.5558275712685338,0.36961206717568656,0.287857294006765,0.43794304155854924,0.8475320206944523,4.887752811944961,1.0,1.0,10.011
265.0,5.239999999999999,0.5791451001468472,0.445663048400568,0.2705279245358125,0.4189979304273256,0.7998127491205715,4.446945543182252,1.0,1.0,10.011
266.0,5.239999999999999,0.5893912505241617,0.4898236314352424,0.25887722986798667,0.4167441957663859,0.7312571606103492,3.8616703345638177,1.0,1.0,10.011
267.0,5.239999999999999,0.5945061842449024,0.5125368763189303,0.24696526697368545,0.3719176889502057,0.7051950815008494,3.158208730579305,1.0,1.0,10.011
268.0,5.239999999999999,0.5963209509377148,0.5234596072890054,0.23108192090521937,0.3327246292545092,0.616041657195251,2.310144255959406,1.0,1.0,10.011
269.0,5.239999999999999,0.5976689262750527,0.5287083141406986,0.20620177383573268,0.34276858898311324,0.4792592668466899,2.4275145402395113,1.0,0.0,10.011
270.0,5.239999999999999,0.6001887311576035,0.5312064314699166,0.1776215637017763,0.31247513626133144,0.4610083357250929,3.6016512528654356,0.0,0.0,10.011
271.0,5.239999999999999,0.599800900462936,0.5332672820430543,0.16195441997060397,0.279169468751773,0.4557475384478601,4.7463592263442145,0.0,0.0,10.011
272.0,5.239999999999999,0.5383313081308073,0.5393502231344909,0.17909895662140968,0.28857371411997684,0.3363445935044773,4.488593588869224,0.0,1.0,10.011
273.0,5.239999999999999,0.44493920605480086,0.5141716928847759,0.22979747898156627,0.26735488831493515,0.3252082196755904,2.817671455820053,0.0,1.0,10.011
274.0,5.239999999999999,0.3599224843743879,0.459352649651187,0.30131044113985694,0.24079122865104044,0.3318612250628767,2.388936099435822,0.0,0.0,10.011
275.0,5.239999999999999,0.29357666277244876,0.39632337892479796,0.3697915700290106,0.2474967955634202,0.2614015085419326,3.1277331493860294,0.0,0.0,10.011
276.0,5.239999999999999,0.24228708165018673,0.3390093478724333,0.4222251854377772,0.23145369793428558,0.23581857202034717,3.748773666299568,0.0,0.0,10.011
277.0,5.239999999999999,0.20363410683938235,0.29017709943764125,0.458567686731131,0.206406011018892,0.24773557571644422,4.352581220839758,0.0,0.0,10.011
278.0,5.239999999999999,0.17443342073020437,0.25025674058905356,0.4822864075303919,0.20713405911012417,0.1978017893272902,3.6624439248265523,0.0,1.0,10.011
279.0,5.239999999999999,0.15128997165776936,0.21805233571825014,0.49405957750168183,0.1898824836520624,0.16660443756148946,1.6205819570131572,0.0,1.0,10.011
280.0,5.239999999999999,0.13174663575258116,0.1905860933925357,0.49341325981882955,0.1882678411223697,0.16684695990651632,0.7873964264957956,0.0,0.0,10.011
281.0,5.239999999999999,0.11666480178473736,0.16915831308988047,0.48052733190319763,0.23464311666326257,0.13863240005857705,1.1675548033050112,0.0,0.0,10.011
282.0,5.239999999999999,0.10362015271014788,0.15103654162395935,0.4607547080770531,0.29474185555346705,0.1695323606474904,1.5523297173881934,0.0,0.0,10.011
283.0,5.239999999999999,0.0936549793932343,0.13548804781436913,0.43627199204355327,0.36288310321740946,0.3075198260020558,2.1476351187635396,0.0,0.0,10.011
284.0,5.239999999999999,0.08507089597100019,0.12271455663448742,0.4096290483087706,0.4234102380951596,0.5179479270095185,3.178558068406598,0.0,0.0,10.011
285.0,5.239999999999999,0.07768843860624484,0.11215229858197324,0.3829041376593603,0.4535382317767025,0.7240111428163304,4.72890775058212,0.0,0.0,10.011
286.0,5.239999999999999,0.07129941441858167,0.10293486529848618,0.35671384937499373,0.46051953552223035,0.8529666955598927,5.44929819779393,0.0,1.0,10.011
